{
    "name": "root",
    "gauges": {
        "DynamicTable.Policy.Entropy.mean": {
            "value": 1.6701639890670776,
            "min": 1.670119047164917,
            "max": 1.846543550491333,
            "count": 1000
        },
        "DynamicTable.Policy.Entropy.sum": {
            "value": 16708.3203125,
            "min": 16044.62109375,
            "max": 19780.5390625,
            "count": 1000
        },
        "DynamicTable.Custom.CompletedEpisodes.mean": {
            "value": 5565.274111675127,
            "min": 2.881818181818182,
            "max": 5591.99494949495,
            "count": 1000
        },
        "DynamicTable.Custom.CompletedEpisodes.sum": {
            "value": 1096359.0,
            "min": 634.0,
            "max": 1245804.0,
            "count": 1000
        },
        "DynamicTable.Custom.AvgStep.mean": {
            "value": 202.88324873096445,
            "min": 167.81854838709677,
            "max": 255.73717948717947,
            "count": 1000
        },
        "DynamicTable.Custom.AvgStep.sum": {
            "value": 39968.0,
            "min": 36930.0,
            "max": 42459.0,
            "count": 1000
        },
        "DynamicTable.Custom.Win.mean": {
            "value": 4949.741116751269,
            "min": 2.5545454545454547,
            "max": 5005.568720379147,
            "count": 1000
        },
        "DynamicTable.Custom.Win.sum": {
            "value": 975099.0,
            "min": 562.0,
            "max": 1109885.0,
            "count": 1000
        },
        "DynamicTable.Environment.EpisodeLength.mean": {
            "value": 49.73096446700507,
            "min": 40.95161290322581,
            "max": 62.94230769230769,
            "count": 1000
        },
        "DynamicTable.Environment.EpisodeLength.sum": {
            "value": 9797.0,
            "min": 9061.0,
            "max": 10435.0,
            "count": 1000
        },
        "DynamicTable.Step.mean": {
            "value": 9999988.0,
            "min": 9949.0,
            "max": 9999988.0,
            "count": 1000
        },
        "DynamicTable.Step.sum": {
            "value": 9999988.0,
            "min": 9949.0,
            "max": 9999988.0,
            "count": 1000
        },
        "DynamicTable.Policy.ExtrinsicValueEstimate.mean": {
            "value": 0.6521754860877991,
            "min": 0.39145955443382263,
            "max": 0.7200151085853577,
            "count": 1000
        },
        "DynamicTable.Policy.ExtrinsicValueEstimate.sum": {
            "value": 162.39169311523438,
            "min": 93.78170776367188,
            "max": 194.13638305664062,
            "count": 1000
        },
        "DynamicTable.Environment.CumulativeReward.mean": {
            "value": 0.9220248833062307,
            "min": 0.5815066518647823,
            "max": 1.1221342985735876,
            "count": 1000
        },
        "DynamicTable.Environment.CumulativeReward.sum": {
            "value": 181.63890201132745,
            "min": 100.01914412074257,
            "max": 248.39210868999362,
            "count": 1000
        },
        "DynamicTable.Policy.ExtrinsicReward.mean": {
            "value": 0.9220248833062307,
            "min": 0.5815066518647823,
            "max": 1.1221342985735876,
            "count": 1000
        },
        "DynamicTable.Policy.ExtrinsicReward.sum": {
            "value": 181.63890201132745,
            "min": 100.01914412074257,
            "max": 248.39210868999362,
            "count": 1000
        },
        "DynamicTable.IsTraining.mean": {
            "value": 1.0,
            "min": 1.0,
            "max": 1.0,
            "count": 1000
        },
        "DynamicTable.IsTraining.sum": {
            "value": 1.0,
            "min": 1.0,
            "max": 1.0,
            "count": 1000
        },
        "DynamicTable.Losses.PolicyLoss.mean": {
            "value": 0.023590449018714328,
            "min": 0.012889169178864297,
            "max": 0.0359950324355547,
            "count": 973
        },
        "DynamicTable.Losses.PolicyLoss.sum": {
            "value": 0.023590449018714328,
            "min": 0.012889169178864297,
            "max": 0.0359950324355547,
            "count": 973
        },
        "DynamicTable.Losses.ValueLoss.mean": {
            "value": 0.06720983535051346,
            "min": 0.03772318853686253,
            "max": 0.4362973945836226,
            "count": 973
        },
        "DynamicTable.Losses.ValueLoss.sum": {
            "value": 0.06720983535051346,
            "min": 0.03772318853686253,
            "max": 0.4362973945836226,
            "count": 973
        },
        "DynamicTable.Policy.LearningRate.mean": {
            "value": 5.735799044199708e-07,
            "min": 5.735799044199708e-07,
            "max": 0.0005993844001025997,
            "count": 973
        },
        "DynamicTable.Policy.LearningRate.sum": {
            "value": 5.735799044199708e-07,
            "min": 5.735799044199708e-07,
            "max": 0.0005993844001025997,
            "count": 973
        },
        "DynamicTable.Policy.Epsilon.mean": {
            "value": 0.10009558000000002,
            "min": 0.10009558000000002,
            "max": 0.19989740000000006,
            "count": 973
        },
        "DynamicTable.Policy.Epsilon.sum": {
            "value": 0.10009558000000002,
            "min": 0.10009558000000002,
            "max": 0.19989740000000006,
            "count": 973
        },
        "DynamicTable.Policy.Beta.mean": {
            "value": 1.4769441999999752e-05,
            "min": 1.4769441999999752e-05,
            "max": 0.00499488026,
            "count": 973
        },
        "DynamicTable.Policy.Beta.sum": {
            "value": 1.4769441999999752e-05,
            "min": 1.4769441999999752e-05,
            "max": 0.00499488026,
            "count": 973
        }
    },
    "metadata": {
        "timer_format_version": "0.1.0",
        "start_time_seconds": "1712630794",
        "python_version": "3.10.12 (main, Nov 20 2023, 15:14:05) [GCC 11.4.0]",
        "command_line_arguments": "/usr/local/bin/mlagents-learn /content/config.yaml",
        "mlagents_version": "1.0.0",
        "mlagents_envs_version": "1.0.0",
        "communication_protocol_version": "1.5.0",
        "pytorch_version": "2.2.1+cu121",
        "numpy_version": "1.22.3",
        "end_time_seconds": "1712675359"
    },
    "total": 44565.0195581,
    "count": 1,
    "self": 6.036061027007236,
    "children": {
        "run_training.setup": {
            "total": 0.4244951030000266,
            "count": 1,
            "self": 0.4244951030000266
        },
        "TrainerController.start_learning": {
            "total": 44558.559001969996,
            "count": 1,
            "self": 160.69717067841702,
            "children": {
                "TrainerController._reset_env": {
                    "total": 22.287365608000073,
                    "count": 1,
                    "self": 22.287365608000073
                },
                "TrainerController.advance": {
                    "total": 44375.44306868958,
                    "count": 1831454,
                    "self": 154.72208129322098,
                    "children": {
                        "env_step": {
                            "total": 33883.922155404325,
                            "count": 1831454,
                            "self": 21127.551253006975,
                            "children": {
                                "SubprocessEnvManager._take_step": {
                                    "total": 12651.137162969235,
                                    "count": 2636847,
                                    "self": 603.9299934040791,
                                    "children": {
                                        "TorchPolicy.evaluate": {
                                            "total": 12047.207169565156,