Wall time,Step,Value
1709845558.875912,50000,0.023153841495513916
1709846731.7866414,100000,0.02543521858751774
1709847836.698438,150000,0.02518458664417267
1709848888.9220462,200000,0.025800108909606934
1709850437.361855,250000,0.025824066251516342
1709851980.8357155,300000,0.022507255896925926
1709853546.5372474,350000,0.023977674543857574
1709855230.3405771,400000,0.025111278519034386
1709856906.0413697,450000,0.02349906414747238
1709858430.225983,500000,0.023550793528556824
