Wall time,Step,Value
1709882730.022618,50000,-12.080904960632324
1709884004.8024397,100000,-11.288482666015625
1709885178.1766787,150000,-10.074913024902344
1709886336.729738,200000,-9.16143798828125
1709887491.3614154,250000,-8.786674499511719
