Wall time,Step,Value
1709882730.0215466,50000,59.323280334472656
1709884004.8153021,100000,61.425716400146484
1709885178.1894877,150000,66.52432250976562
1709886336.7287364,200000,70.61174774169922
1709887491.359909,250000,73.62089538574219
