{
    "name": "root",
    "gauges": {
        "DynamicTable.Policy.Entropy.mean": {
            "value": 3.2954471111297607,
            "min": 2.8039944171905518,
            "max": 3.29577898979187,
            "count": 1000
        },
        "DynamicTable.Policy.Entropy.sum": {
            "value": 31979.01953125,
            "min": 27038.03125,
            "max": 34584.3046875,
            "count": 1000
        },
        "DynamicTable.Custom.WinPercentageofLast100Episodes.mean": {
            "value": 89.5990168998431,
            "min": 52.09762484668742,
            "max": 96.9724638377521,
            "count": 1000
        },
        "DynamicTable.Custom.WinPercentageofLast100Episodes.sum": {
            "value": 21414.1650390625,
            "min": 19744.99981689453,
            "max": 29046.312042236328,
            "count": 1000
        },
        "DynamicTable.Custom.CompletedEpisodes.mean": {
            "value": 3319.73640167364,
            "min": 1.9234828496042216,
            "max": 3367.1535269709543,
            "count": 1000
        },
        "DynamicTable.Custom.CompletedEpisodes.sum": {
            "value": 793417.0,
            "min": 729.0,
            "max": 864659.0,
            "count": 1000
        },
        "DynamicTable.Custom.AvgStep.mean": {
            "value": 170.86610878661088,
            "min": 104.01846965699208,
            "max": 178.87892376681614,
            "count": 1000
        },
        "DynamicTable.Custom.AvgStep.sum": {
            "value": 40837.0,
            "min": 37467.0,
            "max": 42344.0,
            "count": 1000
        },
        "DynamicTable.Custom.MazeNumber.mean": {
            "value": 9.0,
            "min": 9.0,
            "max": 9.0,
            "count": 1000
        },
        "DynamicTable.Custom.MazeNumber.sum": {
            "value": 2151.0,
            "min": 1980.0,
            "max": 3411.0,
            "count": 1000
        },
        "DynamicTable.Custom.Checkpoints.mean": {
            "value": 3285.1464435146445,
            "min": 0.0,
            "max": 3332.261410788382,
            "count": 1000
        },
        "DynamicTable.Custom.Checkpoints.sum": {
            "value": 785150.0,
            "min": 0.0,
            "max": 855575.0,
            "count": 1000
        },
        "DynamicTable.Environment.EpisodeLength.mean": {
            "value": 41.74058577405858,
            "min": 32.04347826086956,
            "max": 43.73991031390135,
            "count": 1000
        },
        "DynamicTable.Environment.EpisodeLength.sum": {
            "value": 9976.0,
            "min": 9131.0,
            "max": 10341.0,
            "count": 1000
        },
        "DynamicTable.Step.mean": {
            "value": 9999957.0,
            "min": 9975.0,
            "max": 9999957.0,
            "count": 1000
        },
        "DynamicTable.Step.sum": {
            "value": 9999957.0,
            "min": 9975.0,
            "max": 9999957.0,
            "count": 1000
        },
        "DynamicTable.Policy.ExtrinsicValueEstimate.mean": {
            "value": 1.4645410776138306,
            "min": 1.317355990409851,
            "max": 1.728873610496521,
            "count": 1000
        },
        "DynamicTable.Policy.ExtrinsicValueEstimate.sum": {
            "value": 393.9615478515625,
            "min": 342.94873046875,
            "max": 527.3064575195312,
            "count": 1000
        },
        "DynamicTable.Environment.CumulativeReward.mean": {
            "value": 1.9317143522156695,
            "min": 1.6873524415539085,
            "max": 2.1364747768776584,
            "count": 1000
        },
        "DynamicTable.Environment.CumulativeReward.sum": {
            "value": 461.679730179545,
            "min": 394.14472895197105,
            "max": 625.9957905560732,
            "count": 1000
        },
        "DynamicTable.Policy.ExtrinsicReward.mean": {
            "value": 1.9317143522156695,
            "min": 1.6873524415539085,
            "max": 2.1364747768776584,
            "count": 1000
        },
        "DynamicTable.Policy.ExtrinsicReward.sum": {
            "value": 461.679730179545,
            "min": 394.14472895197105,
            "max": 625.9957905560732,
            "count": 1000
        },
        "DynamicTable.IsTraining.mean": {
            "value": 1.0,
            "min": 1.0,
            "max": 1.0,
            "count": 1000
        },
        "DynamicTable.IsTraining.sum": {
            "value": 1.0,
            "min": 1.0,
            "max": 1.0,
            "count": 1000
        },
        "DynamicTable.Losses.PolicyLoss.mean": {
            "value": 0.027856656249302128,
            "min": 0.01233744327473687,
            "max": 0.03782268948853016,
            "count": 974
        },
        "DynamicTable.Losses.PolicyLoss.sum": {
            "value": 0.027856656249302128,
            "min": 0.01233744327473687,
            "max": 0.03782268948853016,
            "count": 974
        },
        "DynamicTable.Losses.ValueLoss.mean": {
            "value": 0.043231670185923575,
            "min": 0.022742675617337227,
            "max": 0.15306555007894834,
            "count": 974
        },
        "DynamicTable.Losses.ValueLoss.sum": {
            "value": 0.043231670185923575,
            "min": 0.022742675617337227,
            "max": 0.15306555007894834,
            "count": 974
        },
        "DynamicTable.Policy.LearningRate.mean": {
            "value": 3.834999574995081e-08,
            "min": 3.834999574995081e-08,
            "max": 0.0008990745301028298,
            "count": 974
        },
        "DynamicTable.Policy.LearningRate.sum": {
            "value": 3.834999574995081e-08,
            "min": 3.834999574995081e-08,
            "max": 0.0008990745301028298,
            "count": 974
        },
        "DynamicTable.Policy.Epsilon.mean": {
            "value": 0.10000425,
            "min": 0.10000425,
            "max": 0.19989716999999996,
            "count": 974
        },
        "DynamicTable.Policy.Epsilon.sum": {
            "value": 0.10000425,
            "min": 0.10000425,
            "max": 0.19989716999999996,
            "count": 974
        },
        "DynamicTable.Policy.Beta.mean": {
            "value": 1.0212074999999724e-05,
            "min": 1.0212074999999724e-05,
            "max": 0.004994868783000001,
            "count": 974
        },
        "DynamicTable.Policy.Beta.sum": {
            "value": 1.0212074999999724e-05,
            "min": 1.0212074999999724e-05,
            "max": 0.004994868783000001,
            "count": 974
        }
    },
    "metadata": {
        "timer_format_version": "0.1.0",
        "start_time_seconds": "1715781424",
        "python_version": "3.10.12 (main, Nov 20 2023, 15:14:05) [GCC 11.4.0]",
        "command_line_arguments": "/usr/local/bin/mlagents-learn /content/config.yaml",
        "mlagents_version": "1.0.0",
        "mlagents_envs_version": "1.0.0",
        "communication_protocol_version": "1.5.0",
        "pytorch_version": "2.2.1+cu121",
        "numpy_version": "1.22.3",
        "end_time_seconds": "1715816631"
    },
    "total": 35206.972660299,
    "count": 1,
    "self": 7.976892795995809,
    "children": {
        "run_training.setup": {
            "total": 0.5501012390000142,
            "count": 1,
            "self": 0.5501012390000142
        },
        "TrainerController.start_learning": {
            "total": 35198.445666264,
            "count": 1,
            "self": 128.79729362345097,
            "children": {
                "TrainerController._reset_env": {
                    "total": 60.46865086899993,
                    "count": 1,
                    "self": 60.46865086899993
                },
                "TrainerController.advance": {
                    "total": 35009.074387962544,
                    "count": 1550172,
                    "self": 122.5631430988069,