Wall time,Step,Value
1715457451.3652675,10000,1.4189382791519165
