Wall time,Step,Value
1715457451.4307897,10000,-1.2018688917160034
