Wall time,Step,Value
1715457451.411415,10000,-12.132777214050293
