Wall time,Step,Value
1715457451.4013252,10000,188.48187255859375
