Wall time,Step,Value
1715457451.3954465,10000,0.7772020697593689
