Wall time,Step,Value
1715457451.3739944,10000,0.4317789077758789
