{
    "name": "root",
    "gauges": {
        "DynamicTable.Policy.Entropy.mean": {
            "value": 1.5742268562316895,
            "min": 1.4767131805419922,
            "max": 1.5787521600723267,
            "count": 403
        },
        "DynamicTable.Policy.Entropy.sum": {
            "value": 15849.31640625,
            "min": 5989.548828125,
            "max": 16510.654296875,
            "count": 403
        },
        "DynamicTable.Environment.EpisodeLength.mean": {
            "value": 48.29556650246305,
            "min": 38.26923076923077,
            "max": 66.80952380952381,
            "count": 403
        },
        "DynamicTable.Environment.EpisodeLength.sum": {
            "value": 9804.0,
            "min": 995.0,
            "max": 10637.0,
            "count": 403
        },
        "DynamicTable.Step.mean": {
            "value": 5559997.0,
            "min": 1539962.0,
            "max": 5559997.0,
            "count": 403
        },
        "DynamicTable.Step.sum": {
            "value": 5559997.0,
            "min": 1539962.0,
            "max": 5559997.0,
            "count": 403
        },
        "DynamicTable.Policy.ExtrinsicValueEstimate.mean": {
            "value": 1.4604495763778687,
            "min": 1.086243748664856,
            "max": 1.6577606201171875,
            "count": 403
        },
        "DynamicTable.Policy.ExtrinsicValueEstimate.sum": {
            "value": 340.2847595214844,
            "min": 34.677921295166016,
            "max": 387.9159851074219,
            "count": 403
        },
        "DynamicTable.Environment.CumulativeReward.mean": {
            "value": 1.9526240994723123,
            "min": 0.7150866604676144,
            "max": 2.2491590505364933,
            "count": 403
        },
        "DynamicTable.Environment.CumulativeReward.sum": {
            "value": 396.3826921928794,
            "min": 38.980015873909,
            "max": 456.57928725890815,
            "count": 403
        },
        "DynamicTable.Policy.ExtrinsicReward.mean": {
            "value": 1.9526240994723123,
            "min": 0.7150866604676144,
            "max": 2.2491590505364933,
            "count": 403
        },
        "DynamicTable.Policy.ExtrinsicReward.sum": {
            "value": 396.3826921928794,
            "min": 38.980015873909,
            "max": 456.57928725890815,
            "count": 403
        },
        "DynamicTable.IsTraining.mean": {
            "value": 1.0,
            "min": 1.0,
            "max": 1.0,
            "count": 403
        },
        "DynamicTable.IsTraining.sum": {
            "value": 1.0,
            "min": 1.0,
            "max": 1.0,
            "count": 403
        },
        "DynamicTable.Losses.PolicyLoss.mean": {
            "value": 0.021355153668749457,
            "min": 0.014119406420892726,
            "max": 0.03693293799685004,
            "count": 391
        },
        "DynamicTable.Losses.PolicyLoss.sum": {
            "value": 0.021355153668749457,
            "min": 0.014119406420892726,
            "max": 0.03693293799685004,
            "count": 391
        },
        "DynamicTable.Losses.ValueLoss.mean": {
            "value": 0.09596176221966743,
            "min": 0.04566035537670056,
            "max": 33.466347416241966,
            "count": 391
        },
        "DynamicTable.Losses.ValueLoss.sum": {
            "value": 0.09596176221966743,
            "min": 0.04566035537670056,
            "max": 33.466347416241966,
            "count": 391
        },
        "DynamicTable.Policy.LearningRate.mean": {
            "value": 0.00039997886555791007,
            "min": 0.00039997886555791007,
            "max": 0.0007605687754923602,
            "count": 391
        },
        "DynamicTable.Policy.LearningRate.sum": {
            "value": 0.00039997886555791007,
            "min": 0.00039997886555791007,
            "max": 0.0007605687754923602,
            "count": 391
        },
        "DynamicTable.Policy.Epsilon.mean": {
            "value": 0.14444209000000002,
            "min": 0.14444209000000002,
            "max": 0.18450763999999995,
            "count": 391
        },
        "DynamicTable.Policy.Epsilon.sum": {
            "value": 0.14444209000000002,
            "min": 0.14444209000000002,
            "max": 0.18450763999999995,
            "count": 391
        },
        "DynamicTable.Policy.Beta.mean": {
            "value": 0.0022276602910000004,
            "min": 0.0022276602910000004,
            "max": 0.004226931236,
            "count": 391
        },
        "DynamicTable.Policy.Beta.sum": {
            "value": 0.0022276602910000004,
            "min": 0.0022276602910000004,
            "max": 0.004226931236,
            "count": 391
        }
    },
    "metadata": {
        "timer_format_version": "0.1.0",
        "start_time_seconds": "1711832196",
        "python_version": "3.10.12 (main, Nov 20 2023, 15:14:05) [GCC 11.4.0]",
        "command_line_arguments": "/usr/local/bin/mlagents-learn /content/config.yaml --resume",
        "mlagents_version": "1.0.0",
        "mlagents_envs_version": "1.0.0",
        "communication_protocol_version": "1.5.0",
        "pytorch_version": "2.2.1+cu121",
        "numpy_version": "1.22.3",
        "end_time_seconds": "1711873718"
    },
    "total": 41522.515122871,
    "count": 1,
    "self": 6.843674278003164,
    "children": {
        "run_training.setup": {
            "total": 1.175075774997822,
            "count": 1,
            "self": 1.175075774997822
        },
        "TrainerController.start_learning": {
            "total": 41514.496372818,
            "count": 1,
            "self": 141.7104345120606,
            "children": {
                "TrainerController._reset_env": {
                    "total": 15.615292724000028,
                    "count": 1,
                    "self": 15.615292724000028
                },
                "TrainerController.advance": {
                    "total": 41356.17671452994,
                    "count": 293399,
                    "self": 106.0015907766574,
                    "children": {
                        "env_step": {
                            "total": 34644.366360675995,
                            "count": 293399,
                            "self": 15979.02958607634,
                            "children": {
                                "SubprocessEnvManager._take_step": {
                                    "total": 18527.054245271058,
                                    "count": 1062307,
                                    "self": 893.2606583649394,
                                    "children": {
                                        "TorchPolicy.evaluate": {
                                            "total": 17633.79358690612,
                                            "count": 1007052,
                                            "self": 17633.79358690612
                                        }
                                    }
                                },
                                "workers": {
                                    "total": 138.28252932859687,
                                    "count": 293398,
                                    "self": 0.0,
                                    "children": {
                                        "worker_root": {
                                            "total": 830225.3664468379,
                                            "count": 1062289,
                                            "is_parallel": true,
                                            "self": 229627.55727446615,
                                            "children": {
                                                "run_training.setup": {
                                                    "total": 0.0,
                                                    "count": 0,
                                                    "is_parallel": true,