Wall time,Step,Value
1709882730.036961,50000,0.02612708881497383
1709884004.8168094,100000,0.024919619783759117
1709885178.1894877,150000,0.022830605506896973
1709886336.7357764,200000,0.022902894765138626
1709887491.366969,250000,0.023918990045785904
