Wall time,Step,Value
1709882730.036961,50000,10.225180625915527
1709884004.8168094,100000,5.863143444061279
1709885178.1909947,150000,4.852748870849609
1709886336.7357764,200000,4.884463310241699
1709887491.367969,250000,3.77632474899292
