{
    "name": "root",
    "gauges": {
        "DynamicTable.Policy.Entropy.mean": {
            "value": 1.2713149785995483,
            "min": 1.2677966356277466,
            "max": 1.4198646545410156,
            "count": 1000
        },
        "DynamicTable.Policy.Entropy.sum": {
            "value": 12860.6220703125,
            "min": 12381.49609375,
            "max": 14938.583984375,
            "count": 1000
        },
        "DynamicTable.Custom.WinPercentageofLast500Episodes.mean": {
            "value": 54.325966682223324,
            "min": 0.0,
            "max": 54.7989897294478,
            "count": 1000
        },
        "DynamicTable.Custom.WinPercentageofLast500Episodes.sum": {
            "value": 9832.999969482422,
            "min": 0.0,
            "max": 11498.400009155273,
            "count": 1000
        },
        "DynamicTable.Custom.CompletedEpisodes.mean": {
            "value": 9249.154696132597,
            "min": 6.670250896057348,
            "max": 9249.154696132597,
            "count": 1000
        },
        "DynamicTable.Custom.CompletedEpisodes.sum": {
            "value": 1674097.0,
            "min": 1861.0,
            "max": 1821829.0,
            "count": 1000
        },
        "DynamicTable.Custom.AvgStep.mean": {
            "value": 222.8342541436464,
            "min": 142.70250896057348,
            "max": 250.19254658385094,
            "count": 1000
        },
        "DynamicTable.Custom.AvgStep.sum": {
            "value": 40333.0,
            "min": 38431.0,
            "max": 41521.0,
            "count": 1000
        },
        "DynamicTable.Custom.MazStep.mean": {
            "value": 320.8453038674033,
            "min": 260.0,
            "max": 322.53072625698326,
            "count": 1000
        },
        "DynamicTable.Custom.MazStep.sum": {
            "value": 58073.0,
            "min": 43764.0,
            "max": 76436.0,
            "count": 1000
        },
        "DynamicTable.Environment.EpisodeLength.mean": {
            "value": 55.016666666666666,
            "min": 36.09665427509294,
            "max": 61.490566037735846,
            "count": 1000
        },
        "DynamicTable.Environment.EpisodeLength.sum": {
            "value": 9903.0,
            "min": 9417.0,
            "max": 10190.0,
            "count": 1000
        },
        "DynamicTable.Step.mean": {
            "value": 9999965.0,
            "min": 9961.0,
            "max": 9999965.0,
            "count": 1000
        },
        "DynamicTable.Step.sum": {
            "value": 9999965.0,
            "min": 9961.0,
            "max": 9999965.0,
            "count": 1000
        },
        "DynamicTable.Policy.ExtrinsicValueEstimate.mean": {
            "value": 0.4535769820213318,
            "min": -0.1099286675453186,
            "max": 1.9495477676391602,
            "count": 1000
        },
        "DynamicTable.Policy.ExtrinsicValueEstimate.sum": {
            "value": 114.75497436523438,
            "min": -36.60624694824219,
            "max": 682.3417358398438,
            "count": 1000
        },
        "DynamicTable.Environment.CumulativeReward.mean": {
            "value": 0.581064520047353,
            "min": -0.3338451253873312,
            "max": 0.8697081556559473,
            "count": 1000
        },
        "DynamicTable.Environment.CumulativeReward.sum": {
            "value": 104.01054908847618,
            "min": -86.46137741883376,
            "max": 161.7657169520062,
            "count": 1000
        },
        "DynamicTable.Policy.ExtrinsicReward.mean": {
            "value": 0.581064520047353,
            "min": -0.3338451253873312,
            "max": 0.8697081556559473,
            "count": 1000
        },
        "DynamicTable.Policy.ExtrinsicReward.sum": {
            "value": 104.01054908847618,
            "min": -86.46137741883376,
            "max": 161.7657169520062,
            "count": 1000
        },
        "DynamicTable.IsTraining.mean": {
            "value": 1.0,
            "min": 1.0,
            "max": 1.0,
            "count": 1000
        },
        "DynamicTable.IsTraining.sum": {
            "value": 1.0,
            "min": 1.0,
            "max": 1.0,
            "count": 1000
        },
        "DynamicTable.Losses.PolicyLoss.mean": {
            "value": 0.02689613291877322,
            "min": 0.014288143994053825,
            "max": 0.034391895223719375,
            "count": 973
        },
        "DynamicTable.Losses.PolicyLoss.sum": {
            "value": 0.02689613291877322,
            "min": 0.014288143994053825,
            "max": 0.034391895223719375,
            "count": 973
        },
        "DynamicTable.Losses.ValueLoss.mean": {
            "value": 0.012327435736854872,
            "min": 0.0019108049067047734,
            "max": 0.5444944113492965,
            "count": 973
        },
        "DynamicTable.Losses.ValueLoss.sum": {
            "value": 0.012327435736854872,
            "min": 0.0019108049067047734,
            "max": 0.5444944113492965,
            "count": 973
        },
        "DynamicTable.Policy.LearningRate.mean": {
            "value": 7.200099200099678e-07,
            "min": 7.200099200099678e-07,
            "max": 0.0008990775901024897,
            "count": 973
        },
        "DynamicTable.Policy.LearningRate.sum": {
            "value": 7.200099200099678e-07,
            "min": 7.200099200099678e-07,
            "max": 0.0008990775901024897,
            "count": 973
        },
        "DynamicTable.Policy.Epsilon.mean": {
            "value": 0.10007999000000005,
            "min": 0.10007999000000005,
            "max": 0.19989750999999992,
            "count": 973
        },
        "DynamicTable.Policy.Epsilon.sum": {
            "value": 0.10007999000000005,
            "min": 0.10007999000000005,
            "max": 0.19989750999999992,
            "count": 973
        },
        "DynamicTable.Policy.Beta.mean": {
            "value": 1.3991500999999823e-05,
            "min": 1.3991500999999823e-05,
            "max": 0.004994885749000001,
            "count": 973
        },
        "DynamicTable.Policy.Beta.sum": {
            "value": 1.3991500999999823e-05,
            "min": 1.3991500999999823e-05,
            "max": 0.004994885749000001,
            "count": 973
        }
    },
    "metadata": {
        "timer_format_version": "0.1.0",
        "start_time_seconds": "1714232936",
        "python_version": "3.10.12 (main, Nov 20 2023, 15:14:05) [GCC 11.4.0]",
        "command_line_arguments": "/usr/local/bin/mlagents-learn /content/config.yaml",
        "mlagents_version": "1.0.0",
        "mlagents_envs_version": "1.0.0",
        "communication_protocol_version": "1.5.0",
        "pytorch_version": "2.2.1+cu121",
        "numpy_version": "1.22.3",
        "end_time_seconds": "1714256455"
    },
    "total": 23518.385647779,
    "count": 1,
    "self": 3.8873689160027425,
    "children": {
        "run_training.setup": {
            "total": 0.07133945999999014,
            "count": 1,
            "self": 0.07133945999999014
        },
        "TrainerController.start_learning": {
            "total": 23514.426939402998,
            "count": 1,
            "self": 62.24825610413245,
            "children": {
                "TrainerController._reset_env": {
                    "total": 35.055487588000005,
                    "count": 1,
                    "self": 35.055487588000005
                },
                "TrainerController.advance": {
                    "total": 23417.052648780867,
                    "count": 2487938,
                    "self": 59.89724913093596,
                    "children": {
                        "env_step": {
                            "total": 20137.14172072816,
                            "count": 2487938,
                            "self": 16123.41560629459,