{
    "name": "root",
    "gauges": {
        "DynamicTable.Policy.Entropy.mean": {
            "value": 1.9820964336395264,
            "min": 1.7504494190216064,
            "max": 1.9822778701782227,
            "count": 977
        },
        "DynamicTable.Policy.Entropy.sum": {
            "value": 19761.501953125,
            "min": 17276.935546875,
            "max": 20175.2421875,
            "count": 977
        },
        "DynamicTable.Custom.CompletedEpisodes.mean": {
            "value": 21177.66511627907,
            "min": 10.995555555555555,
            "max": 21398.94827586207,
            "count": 977
        },
        "DynamicTable.Custom.CompletedEpisodes.sum": {
            "value": 4553198.0,
            "min": 2474.0,
            "max": 5053485.0,
            "count": 977
        },
        "DynamicTable.Custom.AvgStep.mean": {
            "value": 190.08837209302325,
            "min": 163.86831275720164,
            "max": 217.44623655913978,
            "count": 977
        },
        "DynamicTable.Custom.AvgStep.sum": {
            "value": 40869.0,
            "min": 38854.0,
            "max": 41874.0,
            "count": 977
        },
        "DynamicTable.Custom.Win.mean": {
            "value": 18665.20930232558,
            "min": 9.755555555555556,
            "max": 19024.741379310344,
            "count": 977
        },
        "DynamicTable.Custom.Win.sum": {
            "value": 4013020.0,
            "min": 2195.0,
            "max": 4458465.0,
            "count": 977
        },
        "DynamicTable.Custom.Freq.mean": {
            "value": 1.3244224986364674,
            "min": 1.1107645291908115,
            "max": 4.974946383370294,
            "count": 977
        },
        "DynamicTable.Custom.Freq.sum": {
            "value": 284.7508372068405,
            "min": 216.04136741161346,
            "max": 1119.362936258316,
            "count": 977
        },
        "DynamicTable.Custom.WallDifficulty.mean": {
            "value": 0.134049438875775,
            "min": 0.08675869602177824,
            "max": 0.1701810347882134,
            "count": 977
        },
        "DynamicTable.Custom.WallDifficulty.sum": {
            "value": 28.820629358291626,
            "min": 18.21932616457343,
            "max": 36.75910351425409,
            "count": 977
        },
        "DynamicTable.Custom.AvgWallNumber.mean": {
            "value": 1.6093023255813954,
            "min": 0.9047619047619048,
            "max": 1.8826291079812207,
            "count": 977
        },
        "DynamicTable.Custom.AvgWallNumber.sum": {
            "value": 346.0,
            "min": 190.0,
            "max": 405.0,
            "count": 977
        },
        "DynamicTable.Custom.WallCrash.mean": {
            "value": 1489.9953488372093,
            "min": 0.8711111111111111,
            "max": 1518.5646551724137,
            "count": 977
        },
        "DynamicTable.Custom.WallCrash.sum": {
            "value": 320349.0,
            "min": 196.0,
            "max": 356029.0,
            "count": 977
        },
        "DynamicTable.Environment.EpisodeLength.mean": {
            "value": 47.52403846153846,
            "min": 40.211618257261414,
            "max": 53.87362637362637,
            "count": 977
        },
        "DynamicTable.Environment.EpisodeLength.sum": {
            "value": 9885.0,
            "min": 9507.0,
            "max": 10123.0,
            "count": 977
        },
        "DynamicTable.Step.mean": {
            "value": 9769981.0,
            "min": 9995.0,
            "max": 9769981.0,
            "count": 977
        },
        "DynamicTable.Step.sum": {
            "value": 9769981.0,
            "min": 9995.0,
            "max": 9769981.0,
            "count": 977
        },
        "DynamicTable.Policy.ExtrinsicValueEstimate.mean": {
            "value": 6.978082180023193,
            "min": 5.913679122924805,
            "max": 7.477365493774414,
            "count": 977
        },
        "DynamicTable.Policy.ExtrinsicValueEstimate.sum": {
            "value": 1709.630126953125,
            "min": 1431.1103515625,
            "max": 1936.6376953125,
            "count": 977
        },
        "DynamicTable.Environment.CumulativeReward.mean": {
            "value": 8.609099569579511,
            "min": 7.16245036718013,
            "max": 9.302045776283098,
            "count": 977
        },
        "DynamicTable.Environment.CumulativeReward.sum": {
            "value": 1799.3018100421177,
            "min": 1341.6562519951258,
            "max": 2200.3287175670266,
            "count": 977
        },
        "DynamicTable.Policy.ExtrinsicReward.mean": {
            "value": 8.609099569579511,
            "min": 7.16245036718013,
            "max": 9.302045776283098,
            "count": 977
        },
        "DynamicTable.Policy.ExtrinsicReward.sum": {
            "value": 1799.3018100421177,
            "min": 1341.6562519951258,
            "max": 2200.3287175670266,
            "count": 977
        },
        "DynamicTable.IsTraining.mean": {
            "value": 1.0,
            "min": 1.0,
            "max": 1.0,
            "count": 977
        },
        "DynamicTable.IsTraining.sum": {
            "value": 1.0,
            "min": 1.0,
            "max": 1.0,
            "count": 977
        },
        "DynamicTable.Losses.PolicyLoss.mean": {
            "value": 0.021638446461292916,
            "min": 0.013539358787238599,
            "max": 0.03549988668722411,
            "count": 951
        },
        "DynamicTable.Losses.PolicyLoss.sum": {
            "value": 0.021638446461292916,
            "min": 0.013539358787238599,
            "max": 0.03549988668722411,
            "count": 951
        },
        "DynamicTable.Losses.ValueLoss.mean": {
            "value": 1.5746528506278992,
            "min": 1.0257648368676504,
            "max": 3.6100878079732257,
            "count": 951
        },
        "DynamicTable.Losses.ValueLoss.sum": {
            "value": 1.5746528506278992,
            "min": 1.0257648368676504,
            "max": 3.6100878079732257,
            "count": 951
        },
        "DynamicTable.Policy.LearningRate.mean": {
            "value": 1.4303197616149986e-05,
            "min": 1.4303197616149986e-05,
            "max": 0.0005993852401024599,
            "count": 951
        },
        "DynamicTable.Policy.LearningRate.sum": {
            "value": 1.4303197616149986e-05,
            "min": 1.4303197616149986e-05,
            "max": 0.0005993852401024599,
            "count": 951
        },
        "DynamicTable.Policy.Epsilon.mean": {
            "value": 0.10238384999999997,
            "min": 0.10238384999999997,
            "max": 0.19989754000000007,
            "count": 951
        },
        "DynamicTable.Policy.Epsilon.sum": {
            "value": 0.10238384999999997,
            "min": 0.10238384999999997,
            "max": 0.19989754000000007,
            "count": 951
        },
        "DynamicTable.Policy.Beta.mean": {
            "value": 0.00012895411499999997,
            "min": 0.00012895411499999997,
            "max": 0.004994887246,
            "count": 951
        },
        "DynamicTable.Policy.Beta.sum": {
            "value": 0.00012895411499999997,
            "min": 0.00012895411499999997,
            "max": 0.004994887246,
            "count": 951
        }
    },
    "metadata": {
        "timer_format_version": "0.1.0",
        "start_time_seconds": "1712743068",
        "python_version": "3.9.13 (main, Oct 13 2022, 21:23:06) [MSC v.1916 64 bit (AMD64)]",
        "command_line_arguments": "C:\\Users\\orhun\\anaconda3\\envs\\mlagents\\Scripts\\mlagents-learn config.yaml",
        "mlagents_version": "0.30.0",
        "mlagents_envs_version": "0.30.0",
        "communication_protocol_version": "1.5.0",
        "pytorch_version": "2.2.1",
        "numpy_version": "1.21.2",