Wall time,Step,Value
1709882730.0389714,50000,0.00498719047755003
1709884004.818902,100000,0.0049641369841992855
1709885178.193034,150000,0.004938533995300531
1709886336.7391129,200000,0.0049129375256598
1709887491.3699703,250000,0.00488735968247056
