Wall time,Step,Value
1709882730.0185459,50000,1.418697714805603
1709884004.8143022,100000,1.4190417528152466
1709885178.1884875,150000,1.4200319051742554
1709886336.7272696,200000,1.4201600551605225
1709887491.3594027,250000,1.4199697971343994
