Wall time,Step,Value
1709882730.0379713,50000,0.19974330067634583
1709884004.8178098,100000,0.19928130507469177
1709885178.1920128,150000,0.19876821339130402
1709886336.7377865,200000,0.198255255818367
1709887491.3689692,250000,0.19774267077445984
