Wall time,Step,Value
1709882730.035445,50000,-12.080904960632324
1709884004.807467,100000,-11.288482666015625
1709885178.1827333,150000,-10.074913024902344
1709886336.7342687,200000,-9.16143798828125
1709887491.366969,250000,-8.786674499511719
