Wall time,Step,Value
1709882730.0205462,50000,-4.178567409515381
1709884004.8009334,100000,-5.590926647186279
1709885178.175678,150000,-5.987846851348877
1709886336.720198,200000,-5.00692892074585
1709887491.3528957,250000,-5.403321266174316
