Wall time,Step,Value
1709882730.0379713,50000,0.00029922989779151976
1709884004.8178098,100000,0.0002978439151775092
1709885178.1920128,150000,0.000296304642688483
1709886336.7367854,200000,0.0002947657776530832
1709887491.3689692,250000,0.0002932280476670712
