{"count":1,"self":274.7012352,"total":306.0775877,"children":{"InitializeActuators":{"count":1,"self":0.0020017999999999998,"total":0.0020017999999999998,"children":null},"InitializeSensors":{"count":1,"self":0.0017775,"total":0.0017775,"children":null},"AgentSendState":{"count":15050,"self":0.072949,"total":0.30418259999999997,"children":{"CollectObservations":{"count":3763,"self":0.10311189999999999,"total":0.10311189999999999,"children":null},"WriteActionMask":{"count":3763,"self":0.0098982999999999988,"total":0.0098982999999999988,"children":null},"RequestDecision":{"count":3763,"self":0.11822339999999999,"total":0.11822339999999999,"children":null}}},"DecideAction":{"count":15050,"self":1.9148395999999999,"total":1.9148394999999998,"children":null},"AgentAct":{"count":14977,"self":29.152553599999997,"total":29.152552099999998,"children":null}},"gauges":{"Dynamic Table.CumulativeReward":{"count":61,"max":2.22309732,"min":-2.0124135,"runningAverage":1.18741965,"value":2.16701555,"weightedAverage":1.96565688}},"metadata":{"timer_format_version":"0.1.0","start_time_seconds":"1714224287","unity_version":"2022.3.20f1","command_line_arguments":"C:\\Program Files\\Unity\\Hub\\Editor\\2022.3.20f1\\Editor\\Unity.exe -projectpath C:\\Users\\orhun\\OneDrive\\Belgeler\\GitHub\\Dynamic-Table -useHub -hubIPC -cloudEnvironment production -licensingIpc LicenseClient-orhun -hubSessionId 1d3f5274-743a-4584-94dd-1237826c929c -accessToken T5eOz2NTpsfcc9fLwLs3xu8Vq6vHuEe0PGE1opCNUH8011f","communication_protocol_version":"1.5.0","com.unity.ml-agents_version":"2.0.1","scene_name":"scene_b074_size8","end_time_seconds":"1714224593"}}