{
    "name": "root",
    "gauges": {
        "DynamicTable.Policy.Entropy.mean": {
            "value": 1.7512927055358887,
            "min": 1.6675598621368408,
            "max": 1.7528046369552612,
            "count": 1000
        },
        "DynamicTable.Policy.Entropy.sum": {
            "value": 17568.96875,
            "min": 16318.5146484375,
            "max": 18031.62109375,
            "count": 1000
        },
        "DynamicTable.Custom.CompletedEpisodes.mean": {
            "value": 10330.33971291866,
            "min": 5.083720930232558,
            "max": 10330.33971291866,
            "count": 1000
        },
        "DynamicTable.Custom.CompletedEpisodes.sum": {
            "value": 2159041.0,
            "min": 1093.0,
            "max": 2375253.0,
            "count": 1000
        },
        "DynamicTable.Custom.AvgStep.mean": {
            "value": 191.39234449760767,
            "min": 154.73461538461538,
            "max": 234.7816091954023,
            "count": 1000
        },
        "DynamicTable.Custom.AvgStep.sum": {
            "value": 40001.0,
            "min": 38085.0,
            "max": 44404.0,
            "count": 1000
        },
        "DynamicTable.Custom.Win.mean": {
            "value": 7804.406698564593,
            "min": 4.595348837209302,
            "max": 7816.126086956522,
            "count": 1000
        },
        "DynamicTable.Custom.Win.sum": {
            "value": 1631121.0,
            "min": 988.0,
            "max": 1797709.0,
            "count": 1000
        },
        "DynamicTable.Custom.Freq.mean": {
            "value": 10.074218530974319,
            "min": 10.007567261360787,
            "max": 26.545694945579353,
            "count": 1000
        },
        "DynamicTable.Custom.Freq.sum": {
            "value": 2105.511672973633,
            "min": 1802.0214185714722,
            "max": 5707.324413299561,
            "count": 1000
        },
        "DynamicTable.Custom.WallDifficulty.mean": {
            "value": 0.3999896595637764,
            "min": 0.03135835350772669,
            "max": 0.39999585979664487,
            "count": 1000
        },
        "DynamicTable.Custom.WallDifficulty.sum": {
            "value": 83.59783884882927,
            "min": 6.214505337178707,
            "max": 103.99498054385185,
            "count": 1000
        },
        "DynamicTable.Custom.AvgWallNumber.mean": {
            "value": 4.220095693779904,
            "min": 0.21875,
            "max": 5.14070351758794,
            "count": 1000
        },
        "DynamicTable.Custom.AvgWallNumber.sum": {
            "value": 882.0,
            "min": 42.0,
            "max": 1122.0,
            "count": 1000
        },
        "DynamicTable.Custom.WallCrash.mean": {
            "value": 2247.971291866029,
            "min": 0.08837209302325581,
            "max": 2251.2657004830917,
            "count": 1000
        },
        "DynamicTable.Custom.WallCrash.sum": {
            "value": 469826.0,
            "min": 19.0,
            "max": 515907.0,
            "count": 1000
        },
        "DynamicTable.Environment.EpisodeLength.mean": {
            "value": 49.766497461928935,
            "min": 38.91269841269841,
            "max": 57.656976744186046,
            "count": 1000
        },
        "DynamicTable.Environment.EpisodeLength.sum": {
            "value": 9804.0,
            "min": 9326.0,
            "max": 10303.0,
            "count": 1000
        },
        "DynamicTable.Step.mean": {
            "value": 9999985.0,
            "min": 9965.0,
            "max": 9999985.0,
            "count": 1000
        },
        "DynamicTable.Step.sum": {
            "value": 9999985.0,
            "min": 9965.0,
            "max": 9999985.0,
            "count": 1000
        },
        "DynamicTable.Policy.ExtrinsicValueEstimate.mean": {
            "value": 5.462401390075684,
            "min": 0.6285949945449829,
            "max": 6.663964748382568,
            "count": 1000
        },
        "DynamicTable.Policy.ExtrinsicValueEstimate.sum": {
            "value": 1349.213134765625,
            "min": 151.49139404296875,
            "max": 1685.9830322265625,
            "count": 1000
        },
        "DynamicTable.Environment.CumulativeReward.mean": {
            "value": 6.849559016672298,
            "min": 2.8578639754026036,
            "max": 8.904724634608439,
            "count": 1000
        },
        "DynamicTable.Environment.CumulativeReward.sum": {
            "value": 1349.3631262844428,
            "min": 563.8742115136702,
            "max": 1821.3754361498286,
            "count": 1000
        },
        "DynamicTable.Policy.ExtrinsicReward.mean": {
            "value": 6.849559016672298,
            "min": 2.8578639754026036,
            "max": 8.904724634608439,
            "count": 1000
        },
        "DynamicTable.Policy.ExtrinsicReward.sum": {
            "value": 1349.3631262844428,
            "min": 563.8742115136702,
            "max": 1821.3754361498286,
            "count": 1000
        },
        "DynamicTable.IsTraining.mean": {
            "value": 1.0,
            "min": 1.0,
            "max": 1.0,
            "count": 1000
        },
        "DynamicTable.IsTraining.sum": {
            "value": 1.0,
            "min": 1.0,
            "max": 1.0,
            "count": 1000
        },
        "DynamicTable.Losses.PolicyLoss.mean": {
            "value": 0.027906546871721123,
            "min": 0.01395178767076383,
            "max": 0.03479999322444201,
            "count": 974
        },
        "DynamicTable.Losses.PolicyLoss.sum": {
            "value": 0.027906546871721123,
            "min": 0.01395178767076383,
            "max": 0.03479999322444201,
            "count": 974
        },
        "DynamicTable.Losses.ValueLoss.mean": {
            "value": 4.31166984240214,
            "min": 1.5115412553151448,
            "max": 6.903970861434937,
            "count": 974
        },
        "DynamicTable.Losses.ValueLoss.sum": {
            "value": 4.31166984240214,
            "min": 1.5115412553151448,
            "max": 6.903970861434937,
            "count": 974
        },
        "DynamicTable.Policy.LearningRate.mean": {
            "value": 3.4939991290002655e-08,
            "min": 3.4939991290002655e-08,
            "max": 0.0003995888001027999,
            "count": 974
        },
        "DynamicTable.Policy.LearningRate.sum": {
            "value": 3.4939991290002655e-08,
            "min": 3.4939991290002655e-08,
            "max": 0.0003995888001027999,
            "count": 974
        },
        "DynamicTable.Policy.Epsilon.mean": {
            "value": 0.10000871,
            "min": 0.10000871,
            "max": 0.19989719999999994,
            "count": 974
        },
        "DynamicTable.Policy.Epsilon.sum": {
            "value": 0.10000871,
            "min": 0.10000871,
            "max": 0.19989719999999994,
            "count": 974
        },
        "DynamicTable.Policy.Beta.mean": {
            "value": 1.0434629000000028e-05,
            "min": 1.0434629000000028e-05,
            "max": 0.00499487028,
            "count": 974
        },
        "DynamicTable.Policy.Beta.sum": {
            "value": 1.0434629000000028e-05,
            "min": 1.0434629000000028e-05,
            "max": 0.00499487028,
            "count": 974
        }
    },
    "metadata": {
        "timer_format_version": "0.1.0",
        "start_time_seconds": "1712688829",
        "python_version": "3.9.13 (main, Oct 13 2022, 21:23:06) [MSC v.1916 64 bit (AMD64)]",
        "command_line_arguments": "C:\\Users\\orhun\\anaconda3\\envs\\mlagents\\Scripts\\mlagents-learn config.yaml",
        "mlagents_version": "0.30.0",
        "mlagents_envs_version": "0.30.0",
        "communication_protocol_version": "1.5.0",
        "pytorch_version": "2.2.1",
        "numpy_version": "1.21.2",
        "end_time_seconds": "1712711620"
    },