{
    "name": "root",
    "gauges": {
        "DynamicTable.Policy.Entropy.mean": {
            "value": 1.3409321308135986,
            "min": 1.30010187625885,
            "max": 1.418938398361206,
            "count": 415
        },
        "DynamicTable.Policy.Entropy.sum": {
            "value": 13591.6875,
            "min": 12585.9462890625,
            "max": 15154.2626953125,
            "count": 415
        },
        "DynamicTable.Custom.CompletedEpisodes.mean": {
            "value": 3755.5196078431372,
            "min": 3.4155844155844157,
            "max": 3755.5196078431372,
            "count": 415
        },
        "DynamicTable.Custom.CompletedEpisodes.sum": {
            "value": 766126.0,
            "min": 526.0,
            "max": 802426.0,
            "count": 415
        },
        "DynamicTable.Custom.AvgStep.mean": {
            "value": 246.6813725490196,
            "min": 223.2927927927928,
            "max": 389.2153846153846,
            "count": 415
        },
        "DynamicTable.Custom.AvgStep.sum": {
            "value": 50323.0,
            "min": 47502.0,
            "max": 52171.0,
            "count": 415
        },
        "DynamicTable.Custom.Win.mean": {
            "value": -194.86764705882354,
            "min": -198.09950248756218,
            "max": -0.7662337662337663,
            "count": 415
        },
        "DynamicTable.Custom.Win.sum": {
            "value": -39753.0,
            "min": -42947.0,
            "max": -118.0,
            "count": 415
        },
        "DynamicTable.Environment.EpisodeLength.mean": {
            "value": 48.34803921568628,
            "min": 43.65765765765766,
            "max": 76.85384615384615,
            "count": 415
        },
        "DynamicTable.Environment.EpisodeLength.sum": {
            "value": 9863.0,
            "min": 9375.0,
            "max": 10247.0,
            "count": 415
        },
        "DynamicTable.Step.mean": {
            "value": 4149991.0,
            "min": 9963.0,
            "max": 4149991.0,
            "count": 415
        },
        "DynamicTable.Step.sum": {
            "value": 4149991.0,
            "min": 9963.0,
            "max": 4149991.0,
            "count": 415
        },
        "DynamicTable.Policy.ExtrinsicValueEstimate.mean": {
            "value": 0.9690970778465271,
            "min": -5.016324043273926,
            "max": 1.0672905445098877,
            "count": 415
        },
        "DynamicTable.Policy.ExtrinsicValueEstimate.sum": {
            "value": 259.718017578125,
            "min": -1249.064697265625,
            "max": 295.258544921875,
            "count": 415
        },
        "DynamicTable.Environment.CumulativeReward.mean": {
            "value": 1.15407661894592,
            "min": -0.1385696551634063,
            "max": 1.2622680293828672,
            "count": 415
        },
        "DynamicTable.Environment.CumulativeReward.sum": {
            "value": 235.43163026496768,
            "min": -20.092599998693913,
            "max": 286.61576241254807,
            "count": 415
        },
        "DynamicTable.Policy.ExtrinsicReward.mean": {
            "value": 1.15407661894592,
            "min": -0.1385696551634063,
            "max": 1.2622680293828672,
            "count": 415
        },
        "DynamicTable.Policy.ExtrinsicReward.sum": {
            "value": 235.43163026496768,
            "min": -20.092599998693913,
            "max": 286.61576241254807,
            "count": 415
        },
        "DynamicTable.IsTraining.mean": {
            "value": 1.0,
            "min": 1.0,
            "max": 1.0,
            "count": 415
        },
        "DynamicTable.IsTraining.sum": {
            "value": 1.0,
            "min": 1.0,
            "max": 1.0,
            "count": 415
        },
        "DynamicTable.Losses.PolicyLoss.mean": {
            "value": 0.02117261673944692,
            "min": 0.015425888606114314,
            "max": 0.03968319141422398,
            "count": 404
        },
        "DynamicTable.Losses.PolicyLoss.sum": {
            "value": 0.02117261673944692,
            "min": 0.015425888606114314,
            "max": 0.03968319141422398,
            "count": 404
        },
        "DynamicTable.Losses.ValueLoss.mean": {
            "value": 0.021149748750030995,
            "min": 0.0074424232977132005,
            "max": 1.3637635330359141,
            "count": 404
        },
        "DynamicTable.Losses.ValueLoss.sum": {
            "value": 0.021149748750030995,
            "min": 0.0074424232977132005,
            "max": 1.3637635330359141,
            "count": 404
        },
        "DynamicTable.Policy.LearningRate.mean": {
            "value": 0.00052667032148108,
            "min": 0.00052667032148108,
            "max": 0.00089906589010379,
            "count": 404
        },
        "DynamicTable.Policy.LearningRate.sum": {
            "value": 0.00052667032148108,
            "min": 0.00052667032148108,
            "max": 0.00089906589010379,
            "count": 404
        },
        "DynamicTable.Policy.Epsilon.mean": {
            "value": 0.21703783999999995,
            "min": 0.21703783999999995,
            "max": 0.2997924199999999,
            "count": 404
        },
        "DynamicTable.Policy.Epsilon.sum": {
            "value": 0.21703783999999995,
            "min": 0.21703783999999995,
            "max": 0.2997924199999999,
            "count": 404
        },
        "DynamicTable.Policy.Beta.mean": {
            "value": 0.0029300941080000016,
            "min": 0.0029300941080000016,
            "max": 0.004994820878999999,
            "count": 404
        },
        "DynamicTable.Policy.Beta.sum": {
            "value": 0.0029300941080000016,
            "min": 0.0029300941080000016,
            "max": 0.004994820878999999,
            "count": 404
        }
    },
    "metadata": {
        "timer_format_version": "0.1.0",
        "start_time_seconds": "1712929147",
        "python_version": "3.10.12 (main, Nov 20 2023, 15:14:05) [GCC 11.4.0]",
        "command_line_arguments": "/usr/local/bin/mlagents-learn /content/config.yaml",
        "mlagents_version": "1.0.0",
        "mlagents_envs_version": "1.0.0",
        "communication_protocol_version": "1.5.0",
        "pytorch_version": "2.2.1+cu121",
        "numpy_version": "1.22.3",
        "end_time_seconds": "1712941917"
    },
    "total": 12770.723327100999,
    "count": 1,
    "self": 5.47230710599797,
    "children": {
        "run_training.setup": {
            "total": 0.0771411970000031,
            "count": 1,
            "self": 0.0771411970000031
        },
        "TrainerController.start_learning": {
            "total": 12765.173878798001,
            "count": 1,
            "self": 24.343763797516658,
            "children": {
                "TrainerController._reset_env": {
                    "total": 26.365686694999965,
                    "count": 1,
                    "self": 26.365686694999965
                },
                "TrainerController.advance": {
                    "total": 12713.782087914486,
                    "count": 1060485,
                    "self": 24.09783262203382,
                    "children": {
                        "env_step": {
                            "total": 11259.427014453893,
                            "count": 1060485,
                            "self": 9761.658705550071,
                            "children": {
                                "SubprocessEnvManager._take_step": {
                                    "total": 1481.8931878789865,
                                    "count": 1098209,
                                    "self": 81.72984857001074,
                                    "children": {
                                        "TorchPolicy.evaluate": {
                                            "total": 1400.1633393089758,
                                            "count": 1039143,