{
    "name": "root",
    "gauges": {
        "DynamicTable.Policy.Entropy.mean": {
            "value": 1.3767496347427368,
            "min": 1.3767496347427368,
            "max": 1.388803243637085,
            "count": 30
        },
        "DynamicTable.Policy.Entropy.sum": {
            "value": 13547.216796875,
            "min": 12321.052734375,
            "max": 22395.15625,
            "count": 30
        },
        "DynamicTable.Environment.EpisodeLength.mean": {
            "value": 123.2439024390244,
            "min": 60.529411764705884,
            "max": 132.21428571428572,
            "count": 30
        },
        "DynamicTable.Environment.EpisodeLength.sum": {
            "value": 10106.0,
            "min": 2058.0,
            "max": 16290.0,
            "count": 30
        },
        "DynamicTable.Custom.CompletedEpisodes.mean": {
            "value": 17.024390243902438,
            "min": 0.19662921348314608,
            "max": 17.024390243902438,
            "count": 30
        },
        "DynamicTable.Custom.CompletedEpisodes.sum": {
            "value": 1396.0,
            "min": 35.0,
            "max": 1398.0,
            "count": 30
        },
        "DynamicTable.Custom.WallDifficulty.mean": {
            "value": 0.0394848102885412,
            "min": 0.03373344419136023,
            "max": 0.041247535198926925,
            "count": 30
        },
        "DynamicTable.Custom.WallDifficulty.sum": {
            "value": 3.2377544436603785,
            "min": 2.0623767599463463,
            "max": 6.530709281563759,
            "count": 30
        },
        "DynamicTable.Custom.AvgStep.mean": {
            "value": 497.0243902439024,
            "min": 46.70224719101124,
            "max": 532.8857142857142,
            "count": 30
        },
        "DynamicTable.Custom.AvgStep.sum": {
            "value": 40756.0,
            "min": 8313.0,
            "max": 65651.0,
            "count": 30
        },
        "DynamicTable.Custom.AvgWallNumber.mean": {
            "value": 0.6951219512195121,
            "min": 0.11797752808988764,
            "max": 0.8,
            "count": 30
        },
        "DynamicTable.Custom.AvgWallNumber.sum": {
            "value": 57.0,
            "min": 21.0,
            "max": 62.0,
            "count": 30
        },
        "DynamicTable.Custom.Win.mean": {
            "value": 2.182926829268293,
            "min": 0.10674157303370786,
            "max": 2.2,
            "count": 30
        },
        "DynamicTable.Custom.Win.sum": {
            "value": 179.0,
            "min": 16.0,
            "max": 189.0,
            "count": 30
        },
        "DynamicTable.Custom.WallCrash.mean": {
            "value": 0.7682926829268293,
            "min": 0.0859375,
            "max": 0.7682926829268293,
            "count": 30
        },
        "DynamicTable.Custom.WallCrash.sum": {
            "value": 63.0,
            "min": 11.0,
            "max": 66.0,
            "count": 30
        },
        "DynamicTable.Custom.Freq.mean": {
            "value": 29.148206396800717,
            "min": 27.746818043635443,
            "max": 30.385977884928387,
            "count": 30
        },
        "DynamicTable.Custom.Freq.sum": {
            "value": 2390.1529245376587,
            "min": 1427.7797117233276,
            "max": 5319.85481262207,
            "count": 30
        },
        "DynamicTable.Step.mean": {
            "value": 299970.0,
            "min": 9964.0,
            "max": 299970.0,
            "count": 30
        },
        "DynamicTable.Step.sum": {
            "value": 299970.0,
            "min": 9964.0,
            "max": 299970.0,
            "count": 30
        },
        "DynamicTable.Policy.ExtrinsicValueEstimate.mean": {
            "value": 0.30779072642326355,
            "min": 0.17527474462985992,
            "max": 0.3685939908027649,
            "count": 30
        },
        "DynamicTable.Policy.ExtrinsicValueEstimate.sum": {
            "value": 54.47895812988281,
            "min": 30.848356246948242,
            "max": 62.66097640991211,
            "count": 30
        },
        "DynamicTable.Environment.CumulativeReward.mean": {
            "value": 0.7482373956177404,
            "min": -0.7040355640997672,
            "max": 1.027598487807457,
            "count": 30
        },
        "DynamicTable.Environment.CumulativeReward.sum": {
            "value": 61.35546644065471,
            "min": -23.937209179392084,
            "max": 88.2311197014642,
            "count": 30
        },
        "DynamicTable.Policy.ExtrinsicReward.mean": {
            "value": 0.7482373956177404,
            "min": -0.7040355640997672,
            "max": 1.027598487807457,
            "count": 30
        },
        "DynamicTable.Policy.ExtrinsicReward.sum": {
            "value": 61.35546644065471,
            "min": -23.937209179392084,
            "max": 88.2311197014642,
            "count": 30
        },
        "DynamicTable.IsTraining.mean": {
            "value": 1.0,
            "min": 1.0,
            "max": 1.0,
            "count": 30
        },
        "DynamicTable.IsTraining.sum": {
            "value": 1.0,
            "min": 1.0,
            "max": 1.0,
            "count": 30
        },
        "DynamicTable.Losses.PolicyLoss.mean": {
            "value": 0.028100145607216593,
            "min": 0.0178597281454131,
            "max": 0.02945935888759171,
            "count": 28
        },
        "DynamicTable.Losses.PolicyLoss.sum": {
            "value": 0.028100145607216593,
            "min": 0.0178597281454131,
            "max": 0.02945935888759171,
            "count": 28
        },
        "DynamicTable.Losses.ValueLoss.mean": {
            "value": 0.16547886828581493,
            "min": 0.10337064266204835,
            "max": 0.2600385417540868,
            "count": 28
        },
        "DynamicTable.Losses.ValueLoss.sum": {
            "value": 0.16547886828581493,
            "min": 0.10337064266204835,
            "max": 0.2600385417540868,
            "count": 28
        },
        "DynamicTable.Policy.LearningRate.mean": {
            "value": 0.0003883199629200099,
            "min": 0.0003883199629200099,
            "max": 0.00039959036010240993,
            "count": 28
        },
        "DynamicTable.Policy.LearningRate.sum": {
            "value": 0.0003883199629200099,
            "min": 0.0003883199629200099,
            "max": 0.00039959036010240993,
            "count": 28
        },
        "DynamicTable.Policy.Epsilon.mean": {
            "value": 0.19707998999999995,
            "min": 0.19707998999999995,
            "max": 0.19989759,
            "count": 28
        },
        "DynamicTable.Policy.Epsilon.sum": {
            "value": 0.19707998999999995,
            "min": 0.19707998999999995,
            "max": 0.19989759,
            "count": 28
        },
        "DynamicTable.Policy.Beta.mean": {
            "value": 0.004854291501,
            "min": 0.004854291501,
            "max": 0.004994889740999999,
            "count": 28
        },
        "DynamicTable.Policy.Beta.sum": {
            "value": 0.004854291501,
            "min": 0.004854291501,
            "max": 0.004994889740999999,
            "count": 28
        }
    },
    "metadata": {
        "timer_format_version": "0.1.0",
        "start_time_seconds": "1712520115",
        "python_version": "3.10.12 (main, Nov 20 2023, 15:14:05) [GCC 11.4.0]",
        "command_line_arguments": "/usr/local/bin/mlagents-learn /content/config.yaml",
        "mlagents_version": "1.0.0",
        "mlagents_envs_version": "1.0.0",
        "communication_protocol_version": "1.5.0",
        "pytorch_version": "2.2.1+cu121",
        "numpy_version": "1.22.3",
        "end_time_seconds": "1712528519"
    },
    "total": 8403.812711019,
    "count": 1,
    "self": 10.084372044000702,
    "children": {
        "run_training.setup": {
            "total": 0.07223524100004397,