{
    "name": "root",
    "gauges": {
        "DynamicTable.Policy.Entropy.mean": {
            "value": 2.3221888542175293,
            "min": 1.775758147239685,
            "max": 2.3221888542175293,
            "count": 607
        },
        "DynamicTable.Policy.Entropy.sum": {
            "value": 23268.33203125,
            "min": 17439.310546875,
            "max": 23727.12890625,
            "count": 607
        },
        "DynamicTable.Custom.WinPercentageofLast100Episodes.mean": {
            "value": 98.04608294930875,
            "min": 27.795509550306534,
            "max": 98.31944444444444,
            "count": 607
        },
        "DynamicTable.Custom.WinPercentageofLast100Episodes.sum": {
            "value": 21276.0,
            "min": 5092.764769554138,
            "max": 21609.0,
            "count": 607
        },
        "DynamicTable.Custom.CompletedEpisodes.mean": {
            "value": 6271.751152073733,
            "min": 4.243386243386244,
            "max": 6271.751152073733,
            "count": 607
        },
        "DynamicTable.Custom.CompletedEpisodes.sum": {
            "value": 1360970.0,
            "min": 802.0,
            "max": 1366808.0,
            "count": 607
        },
        "DynamicTable.Custom.AvgStep.mean": {
            "value": 184.40092165898616,
            "min": 180.7601809954751,
            "max": 237.29761904761904,
            "count": 607
        },
        "DynamicTable.Custom.AvgStep.sum": {
            "value": 40015.0,
            "min": 39768.0,
            "max": 40282.0,
            "count": 607
        },
        "DynamicTable.Custom.MaxStep.mean": {
            "value": 250.0,
            "min": 250.0,
            "max": 250.0,
            "count": 607
        },
        "DynamicTable.Custom.MaxStep.sum": {
            "value": 54250.0,
            "min": 42000.0,
            "max": 55250.0,
            "count": 607
        },
        "DynamicTable.Custom.MazeDifficulty.mean": {
            "value": 0.0,
            "min": 0.0,
            "max": 0.0,
            "count": 607
        },
        "DynamicTable.Custom.MazeDifficulty.sum": {
            "value": 0.0,
            "min": 0.0,
            "max": 0.0,
            "count": 607
        },
        "DynamicTable.Custom.NumberofWalls.mean": {
            "value": 0.0,
            "min": 0.0,
            "max": 0.0,
            "count": 607
        },
        "DynamicTable.Custom.NumberofWalls.sum": {
            "value": 0.0,
            "min": 0.0,
            "max": 0.0,
            "count": 607
        },
        "DynamicTable.Environment.EpisodeLength.mean": {
            "value": 45.105990783410135,
            "min": 44.18099547511312,
            "max": 58.32738095238095,
            "count": 607
        },
        "DynamicTable.Environment.EpisodeLength.sum": {
            "value": 9788.0,
            "min": 9739.0,
            "max": 9871.0,
            "count": 607
        },
        "DynamicTable.Step.mean": {
            "value": 6069981.0,
            "min": 9948.0,
            "max": 6069981.0,
            "count": 607
        },
        "DynamicTable.Step.sum": {
            "value": 6069981.0,
            "min": 9948.0,
            "max": 6069981.0,
            "count": 607
        },
        "DynamicTable.Policy.ExtrinsicValueEstimate.mean": {
            "value": 1.6671446561813354,
            "min": 1.2925843000411987,
            "max": 1.6907521486282349,
            "count": 607
        },
        "DynamicTable.Policy.ExtrinsicValueEstimate.sum": {
            "value": 361.7703857421875,
            "min": 217.15415954589844,
            "max": 372.2392883300781,
            "count": 607
        },
        "DynamicTable.Environment.CumulativeReward.mean": {
            "value": 2.0646475495487313,
            "min": 0.6439432423073976,
            "max": 2.1497865412213386,
            "count": 607
        },
        "DynamicTable.Environment.CumulativeReward.sum": {
            "value": 448.0285182520747,
            "min": 108.1824647076428,
            "max": 470.7620299309492,
            "count": 607
        },
        "DynamicTable.Policy.ExtrinsicReward.mean": {
            "value": 2.0646475495487313,
            "min": 0.6439432423073976,
            "max": 2.1497865412213386,
            "count": 607
        },
        "DynamicTable.Policy.ExtrinsicReward.sum": {
            "value": 448.0285182520747,
            "min": 108.1824647076428,
            "max": 470.7620299309492,
            "count": 607
        },
        "DynamicTable.IsTraining.mean": {
            "value": 1.0,
            "min": 1.0,
            "max": 1.0,
            "count": 607
        },
        "DynamicTable.IsTraining.sum": {
            "value": 1.0,
            "min": 1.0,
            "max": 1.0,
            "count": 607
        },
        "DynamicTable.Losses.PolicyLoss.mean": {
            "value": 0.02501339452865068,
            "min": 0.014511288967817866,
            "max": 0.033950133100734095,
            "count": 591
        },
        "DynamicTable.Losses.PolicyLoss.sum": {
            "value": 0.02501339452865068,
            "min": 0.014511288967817866,
            "max": 0.033950133100734095,
            "count": 591
        },
        "DynamicTable.Losses.ValueLoss.mean": {
            "value": 0.011785511517276366,
            "min": 0.0008142960374243558,
            "max": 0.10898806502421697,
            "count": 591
        },
        "DynamicTable.Losses.ValueLoss.sum": {
            "value": 0.011785511517276366,
            "min": 0.0008142960374243558,
            "max": 0.10898806502421697,
            "count": 591
        },
        "DynamicTable.Policy.LearningRate.mean": {
            "value": 0.00019326757584156245,
            "min": 0.00019326757584156245,
            "max": 0.0007989709001286376,
            "count": 591
        },
        "DynamicTable.Policy.LearningRate.sum": {
            "value": 0.00019326757584156245,
            "min": 0.00019326757584156245,
            "max": 0.0007989709001286376,
            "count": 591
        },
        "DynamicTable.Policy.Epsilon.mean": {
            "value": 0.12415843750000004,
            "min": 0.12415843750000004,
            "max": 0.19987136249999995,
            "count": 591
        },
        "DynamicTable.Policy.Epsilon.sum": {
            "value": 0.12415843750000004,
            "min": 0.12415843750000004,
            "max": 0.19987136249999995,
            "count": 591
        },
        "DynamicTable.Policy.Beta.mean": {
            "value": 0.00121550603125,
            "min": 0.00121550603125,
            "max": 0.0049935809887499995,
            "count": 591
        },
        "DynamicTable.Policy.Beta.sum": {
            "value": 0.00121550603125,
            "min": 0.00121550603125,
            "max": 0.0049935809887499995,
            "count": 591
        }
    },
    "metadata": {
        "timer_format_version": "0.1.0",
        "start_time_seconds": "1714475470",
        "python_version": "3.10.12 (main, Nov 20 2023, 15:14:05) [GCC 11.4.0]",
        "command_line_arguments": "/usr/local/bin/mlagents-learn /content/config.yaml",
        "mlagents_version": "1.0.0",
        "mlagents_envs_version": "1.0.0",
        "communication_protocol_version": "1.5.0",
        "pytorch_version": "2.2.1+cu121",
        "numpy_version": "1.22.3",
        "end_time_seconds": "1714510813"
    },
    "total": 35342.643736355996,
    "count": 1,
    "self": 10.016376446998038,
    "children": {
        "run_training.setup": {
            "total": 0.08154772500006402,
            "count": 1,
            "self": 0.08154772500006402
        },
        "TrainerController.start_learning": {
            "total": 35332.545812184,
            "count": 1,
            "self": 44.186577735039464,
            "children": {
                "TrainerController._reset_env": {
                    "total": 36.73147519500003,