{
    "name": "root",
    "gauges": {
        "DynamicTable.Policy.Entropy.mean": {
            "value": 1.9413270950317383,
            "min": 1.9352473020553589,
            "max": 1.9428993463516235,
            "count": 364
        },
        "DynamicTable.Policy.Entropy.sum": {
            "value": 19436.56640625,
            "min": 18838.4375,
            "max": 20102.947265625,
            "count": 364
        },
        "DynamicTable.Environment.EpisodeLength.mean": {
            "value": 49.54455445544554,
            "min": 36.16849816849817,
            "max": 58.85207100591716,
            "count": 364
        },
        "DynamicTable.Environment.EpisodeLength.sum": {
            "value": 10008.0,
            "min": 9126.0,
            "max": 10384.0,
            "count": 364
        },
        "DynamicTable.Custom.CompletedEpisodes.mean": {
            "value": 3543.3130841121497,
            "min": 6.176245210727969,
            "max": 3543.3130841121497,
            "count": 364
        },
        "DynamicTable.Custom.CompletedEpisodes.sum": {
            "value": 758269.0,
            "min": 1612.0,
            "max": 826756.0,
            "count": 364
        },
        "DynamicTable.Custom.AvgStep.mean": {
            "value": 193.18691588785046,
            "min": 143.42911877394636,
            "max": 236.23463687150837,
            "count": 364
        },
        "DynamicTable.Custom.AvgStep.sum": {
            "value": 41342.0,
            "min": 37435.0,
            "max": 43512.0,
            "count": 364
        },
        "DynamicTable.Custom.Win.mean": {
            "value": 2808.3971962616824,
            "min": 5.9655172413793105,
            "max": 2808.3971962616824,
            "count": 364
        },
        "DynamicTable.Custom.Win.sum": {
            "value": 600997.0,
            "min": 1557.0,
            "max": 656434.0,
            "count": 364
        },
        "DynamicTable.Custom.Freq.mean": {
            "value": 10.044848326210664,
            "min": 10.002307462692261,
            "max": 25.71373231383576,
            "count": 364
        },
        "DynamicTable.Custom.Freq.sum": {
            "value": 2149.597541809082,
            "min": 1777.7452211380005,
            "max": 6711.284133911133,
            "count": 364
        },
        "DynamicTable.Custom.WallDifficulty.mean": {
            "value": 0.3999924695937433,
            "min": 0.03177708572925736,
            "max": 0.39999606634411855,
            "count": 364
        },
        "DynamicTable.Custom.WallDifficulty.sum": {
            "value": 85.59838849306107,
            "min": 8.29381937533617,
            "max": 96.39827877283096,
            "count": 364
        },
        "DynamicTable.Custom.AvgWallNumber.mean": {
            "value": 4.172897196261682,
            "min": 0.3130081300813008,
            "max": 5.1179487179487175,
            "count": 364
        },
        "DynamicTable.Custom.AvgWallNumber.sum": {
            "value": 893.0,
            "min": 77.0,
            "max": 1051.0,
            "count": 364
        },
        "DynamicTable.Custom.WallCrash.mean": {
            "value": 560.7289719626168,
            "min": 0.16091954022988506,
            "max": 565.3989361702128,
            "count": 364
        },
        "DynamicTable.Custom.WallCrash.sum": {
            "value": 119996.0,
            "min": 42.0,
            "max": 130217.0,
            "count": 364
        },
        "DynamicTable.Step.mean": {
            "value": 9999999.0,
            "min": 6369986.0,
            "max": 9999999.0,
            "count": 364
        },
        "DynamicTable.Step.sum": {
            "value": 9999999.0,
            "min": 6369986.0,
            "max": 9999999.0,
            "count": 364
        },
        "DynamicTable.Policy.ExtrinsicValueEstimate.mean": {
            "value": 5.795567035675049,
            "min": 3.9453938007354736,
            "max": 8.12116527557373,
            "count": 364
        },
        "DynamicTable.Policy.ExtrinsicValueEstimate.sum": {
            "value": 1443.09619140625,
            "min": 923.22216796875,
            "max": 2309.5126953125,
            "count": 364
        },
        "DynamicTable.Environment.CumulativeReward.mean": {
            "value": 6.824364305647911,
            "min": 3.988531826557817,
            "max": 9.767527772573928,
            "count": 364
        },
        "DynamicTable.Environment.CumulativeReward.sum": {
            "value": 1378.521589740878,
            "min": 741.8669197397539,
            "max": 2641.005057726521,
            "count": 364
        },
        "DynamicTable.Policy.ExtrinsicReward.mean": {
            "value": 6.824364305647911,
            "min": 3.988531826557817,
            "max": 9.767527772573928,
            "count": 364
        },
        "DynamicTable.Policy.ExtrinsicReward.sum": {
            "value": 1378.521589740878,
            "min": 741.8669197397539,
            "max": 2641.005057726521,
            "count": 364
        },
        "DynamicTable.IsTraining.mean": {
            "value": 1.0,
            "min": 1.0,
            "max": 1.0,
            "count": 364
        },
        "DynamicTable.IsTraining.sum": {
            "value": 1.0,
            "min": 1.0,
            "max": 1.0,
            "count": 364
        },
        "DynamicTable.Losses.PolicyLoss.mean": {
            "value": 0.022971915820380672,
            "min": 0.015964187047211455,
            "max": 0.03323535905219614,
            "count": 354
        },
        "DynamicTable.Losses.PolicyLoss.sum": {
            "value": 0.022971915820380672,
            "min": 0.015964187047211455,
            "max": 0.03323535905219614,
            "count": 354
        },
        "DynamicTable.Losses.ValueLoss.mean": {
            "value": 4.213939952850342,
            "min": 0.5861035992701848,
            "max": 6.183258899052938,
            "count": 354
        },
        "DynamicTable.Losses.ValueLoss.sum": {
            "value": 4.213939952850342,
            "min": 0.5861035992701848,
            "max": 6.183258899052938,
            "count": 354
        },
        "DynamicTable.Policy.LearningRate.mean": {
            "value": 2.1113994723998457e-07,
            "min": 2.1113994723998457e-07,
            "max": 0.00014516342370916004,
            "count": 354
        },
        "DynamicTable.Policy.LearningRate.sum": {
            "value": 2.1113994723998457e-07,
            "min": 2.1113994723998457e-07,
            "max": 0.00014516342370916004,
            "count": 354
        },
        "DynamicTable.Policy.Epsilon.mean": {
            "value": 0.10005276000000002,
            "min": 0.10005276000000002,
            "max": 0.13629084000000002,
            "count": 354
        },
        "DynamicTable.Policy.Epsilon.sum": {
            "value": 0.10005276000000002,
            "min": 0.10005276000000002,
            "max": 0.13629084000000002,
            "count": 354
        },
        "DynamicTable.Policy.Beta.mean": {
            "value": 1.263272399999981e-05,
            "min": 1.263272399999981e-05,
            "max": 0.0018209129159999999,
            "count": 354
        },
        "DynamicTable.Policy.Beta.sum": {
            "value": 1.263272399999981e-05,
            "min": 1.263272399999981e-05,
            "max": 0.0018209129159999999,
            "count": 354
        }
    },
    "metadata": {
        "timer_format_version": "0.1.0",
        "start_time_seconds": "1712677950",
        "python_version": "3.9.13 (main, Oct 13 2022, 21:23:06) [MSC v.1916 64 bit (AMD64)]",
        "command_line_arguments": "C:\\Users\\orhun\\anaconda3\\envs\\mlagents\\Scripts\\mlagents-learn config.yaml --resume",
        "mlagents_version": "0.30.0",
        "mlagents_envs_version": "0.30.0",
        "communication_protocol_version": "1.5.0",
        "pytorch_version": "2.2.1",
        "numpy_version": "1.21.2",