{
    "name": "root",
    "gauges": {
        "DynamicTable.Policy.Entropy.mean": {
            "value": 2.0592920780181885,
            "min": 2.029543161392212,
            "max": 2.0611155033111572,
            "count": 514
        },
        "DynamicTable.Policy.Entropy.sum": {
            "value": 20502.3125,
            "min": 5349.8759765625,
            "max": 21174.78515625,
            "count": 514
        },
        "DynamicTable.Custom.CompletedEpisodes.mean": {
            "value": 6445.1359649122805,
            "min": 1.625,
            "max": 6445.1359649122805,
            "count": 514
        },
        "DynamicTable.Custom.CompletedEpisodes.sum": {
            "value": 1469491.0,
            "min": 130.0,
            "max": 1678862.0,
            "count": 514
        },
        "DynamicTable.Custom.AvgStep.mean": {
            "value": 175.19736842105263,
            "min": 104.9375,
            "max": 186.41935483870967,
            "count": 514
        },
        "DynamicTable.Custom.AvgStep.sum": {
            "value": 39945.0,
            "min": 8395.0,
            "max": 42560.0,
            "count": 514
        },
        "DynamicTable.Custom.Win.mean": {
            "value": 5864.05701754386,
            "min": 1.625,
            "max": 5868.322175732217,
            "count": 514
        },
        "DynamicTable.Custom.Win.sum": {
            "value": 1337005.0,
            "min": 130.0,
            "max": 1527258.0,
            "count": 514
        },
        "DynamicTable.Custom.Freq.mean": {
            "value": 10.01892848600421,
            "min": 10.000766286448044,
            "max": 28.60776753425598,
            "count": 514
        },
        "DynamicTable.Custom.Freq.sum": {
            "value": 2284.31569480896,
            "min": 2173.80571269989,
            "max": 5979.795534133911,
            "count": 514
        },
        "DynamicTable.Custom.WallDifficulty.mean": {
            "value": 0.2155706870712732,
            "min": 0.030080391839146615,
            "max": 0.2157222657273504,
            "count": 514
        },
        "DynamicTable.Custom.WallDifficulty.sum": {
            "value": 49.15011665225029,
            "min": 2.406431347131729,
            "max": 56.48735663294792,
            "count": 514
        },
        "DynamicTable.Custom.AvgWallNumber.mean": {
            "value": 2.017543859649123,
            "min": 0.18846153846153846,
            "max": 2.5982532751091703,
            "count": 514
        },
        "DynamicTable.Custom.AvgWallNumber.sum": {
            "value": 460.0,
            "min": 16.0,
            "max": 616.0,
            "count": 514
        },
        "DynamicTable.Custom.WallCrash.mean": {
            "value": 519.1666666666666,
            "min": 0.0,
            "max": 520.104,
            "count": 514
        },
        "DynamicTable.Custom.WallCrash.sum": {
            "value": 118370.0,
            "min": 0.0,
            "max": 135431.0,
            "count": 514
        },
        "DynamicTable.Environment.EpisodeLength.mean": {
            "value": 43.382222222222225,
            "min": 34.11666666666667,
            "max": 45.305164319248824,
            "count": 514
        },
        "DynamicTable.Environment.EpisodeLength.sum": {
            "value": 9761.0,
            "min": 2047.0,
            "max": 10019.0,
            "count": 514
        },
        "DynamicTable.Step.mean": {
            "value": 9999998.0,
            "min": 4869999.0,
            "max": 9999998.0,
            "count": 514
        },
        "DynamicTable.Step.sum": {
            "value": 9999998.0,
            "min": 4869999.0,
            "max": 9999998.0,
            "count": 514
        },
        "DynamicTable.Policy.ExtrinsicValueEstimate.mean": {
            "value": 6.42948055267334,
            "min": 5.597807884216309,
            "max": 8.105318069458008,
            "count": 514
        },
        "DynamicTable.Policy.ExtrinsicValueEstimate.sum": {
            "value": 1671.6649169921875,
            "min": 512.332763671875,
            "max": 2328.87548828125,
            "count": 514
        },
        "DynamicTable.Environment.CumulativeReward.mean": {
            "value": 7.55254634396052,
            "min": 6.139012155468975,
            "max": 10.119867078328538,
            "count": 514
        },
        "DynamicTable.Environment.CumulativeReward.sum": {
            "value": 1714.428020079038,
            "min": 597.0721576213837,
            "max": 2682.2274065709207,
            "count": 514
        },
        "DynamicTable.Policy.ExtrinsicReward.mean": {
            "value": 7.55254634396052,
            "min": 6.139012155468975,
            "max": 10.119867078328538,
            "count": 514
        },
        "DynamicTable.Policy.ExtrinsicReward.sum": {
            "value": 1714.428020079038,
            "min": 597.0721576213837,
            "max": 2682.2274065709207,
            "count": 514
        },
        "DynamicTable.IsTraining.mean": {
            "value": 1.0,
            "min": 1.0,
            "max": 1.0,
            "count": 514
        },
        "DynamicTable.IsTraining.sum": {
            "value": 1.0,
            "min": 1.0,
            "max": 1.0,
            "count": 514
        },
        "DynamicTable.Losses.PolicyLoss.mean": {
            "value": 0.02984317570614318,
            "min": 0.01486223729783281,
            "max": 0.03484238110637913,
            "count": 500
        },
        "DynamicTable.Losses.PolicyLoss.sum": {
            "value": 0.02984317570614318,
            "min": 0.01486223729783281,
            "max": 0.03484238110637913,
            "count": 500
        },
        "DynamicTable.Losses.ValueLoss.mean": {
            "value": 4.038156374295553,
            "min": 0.43039426604906716,
            "max": 4.938464260101318,
            "count": 500
        },
        "DynamicTable.Losses.ValueLoss.sum": {
            "value": 4.038156374295553,
            "min": 0.43039426604906716,
            "max": 4.938464260101318,
            "count": 500
        },
        "DynamicTable.Policy.LearningRate.mean": {
            "value": 2.157999463001815e-08,
            "min": 2.157999463001815e-08,
            "max": 0.00020488344877915012,
            "count": 500
        },
        "DynamicTable.Policy.LearningRate.sum": {
            "value": 2.157999463001815e-08,
            "min": 2.157999463001815e-08,
            "max": 0.00020488344877915012,
            "count": 500
        },
        "DynamicTable.Policy.Epsilon.mean": {
            "value": 0.10000537,
            "min": 0.10000537,
            "max": 0.15122085,
            "count": 500
        },
        "DynamicTable.Policy.Epsilon.sum": {
            "value": 0.10000537,
            "min": 0.10000537,
            "max": 0.15122085,
            "count": 500
        },
        "DynamicTable.Policy.Beta.mean": {
            "value": 1.0267963000000226e-05,
            "min": 1.0267963000000226e-05,
            "max": 0.0025659204150000016,
            "count": 500
        },
        "DynamicTable.Policy.Beta.sum": {
            "value": 1.0267963000000226e-05,
            "min": 1.0267963000000226e-05,
            "max": 0.0025659204150000016,
            "count": 500
        }
    },
    "metadata": {
        "timer_format_version": "0.1.0",
        "start_time_seconds": "1712646815",
        "python_version": "3.9.13 (main, Oct 13 2022, 21:23:06) [MSC v.1916 64 bit (AMD64)]",
        "command_line_arguments": "C:\\Users\\orhun\\anaconda3\\envs\\mlagents\\Scripts\\mlagents-learn config.yaml --resume",
        "mlagents_version": "0.30.0",
        "mlagents_envs_version": "0.30.0",
        "communication_protocol_version": "1.5.0",
        "pytorch_version": "2.2.1",
        "numpy_version": "1.21.2",
        "end_time_seconds": "1712658670"
    },
    "total": 11854.5195024,
    "count": 1,
    "self": 0.8533728999991581,