{
    "name": "root",
    "gauges": {
        "DynamicTable.Policy.Entropy.mean": {
            "value": 2.3639049530029297,
            "min": 1.969492793083191,
            "max": 2.3676369190216064,
            "count": 1000
        },
        "DynamicTable.Policy.Entropy.sum": {
            "value": 24499.51171875,
            "min": 19081.701171875,
            "max": 24697.46875,
            "count": 1000
        },
        "DynamicTable.Custom.WinPercentageofLast100Episodes.mean": {
            "value": 92.49899764539461,
            "min": 54.23702608141816,
            "max": 97.4200969850885,
            "count": 1000
        },
        "DynamicTable.Custom.WinPercentageofLast100Episodes.sum": {
            "value": 26732.210319519043,
            "min": 21620.977729797363,
            "max": 29290.483291625977,
            "count": 1000
        },
        "DynamicTable.Custom.CompletedEpisodes.mean": {
            "value": 3517.3217993079584,
            "min": 2.052369077306733,
            "max": 3583.8984962406016,
            "count": 1000
        },
        "DynamicTable.Custom.CompletedEpisodes.sum": {
            "value": 1016506.0,
            "min": 823.0,
            "max": 1016506.0,
            "count": 1000
        },
        "DynamicTable.Custom.AvgStep.mean": {
            "value": 145.8166089965398,
            "min": 99.58104738154613,
            "max": 166.89958158995816,
            "count": 1000
        },
        "DynamicTable.Custom.AvgStep.sum": {
            "value": 42141.0,
            "min": 37671.0,
            "max": 42196.0,
            "count": 1000
        },
        "DynamicTable.Custom.MazeNumber.mean": {
            "value": 8.09688581314879,
            "min": 2.0,
            "max": 8.379562043795621,
            "count": 1000
        },
        "DynamicTable.Custom.MazeNumber.sum": {
            "value": 2340.0,
            "min": 598.0,
            "max": 2356.0,
            "count": 1000
        },
        "DynamicTable.Custom.Checkpoints.mean": {
            "value": 3493.166089965398,
            "min": 0.0,
            "max": 3560.714285714286,
            "count": 1000
        },
        "DynamicTable.Custom.Checkpoints.sum": {
            "value": 1009525.0,
            "min": 0.0,
            "max": 1009525.0,
            "count": 1000
        },
        "DynamicTable.Environment.EpisodeLength.mean": {
            "value": 35.46712802768166,
            "min": 30.186915887850468,
            "max": 40.7489539748954,
            "count": 1000
        },
        "DynamicTable.Environment.EpisodeLength.sum": {
            "value": 10250.0,
            "min": 9178.0,
            "max": 10287.0,
            "count": 1000
        },
        "DynamicTable.Step.mean": {
            "value": 9999979.0,
            "min": 9975.0,
            "max": 9999979.0,
            "count": 1000
        },
        "DynamicTable.Step.sum": {
            "value": 9999979.0,
            "min": 9975.0,
            "max": 9999979.0,
            "count": 1000
        },
        "DynamicTable.Policy.ExtrinsicValueEstimate.mean": {
            "value": 1.494692087173462,
            "min": 1.40086030960083,
            "max": 1.7159907817840576,
            "count": 1000
        },
        "DynamicTable.Policy.ExtrinsicValueEstimate.sum": {
            "value": 457.37579345703125,
            "min": 383.6337890625,
            "max": 552.2662353515625,
            "count": 1000
        },
        "DynamicTable.Environment.CumulativeReward.mean": {
            "value": 1.809284518734684,
            "min": 1.6850272193662914,
            "max": 2.0345789483115553,
            "count": 1000
        },
        "DynamicTable.Environment.CumulativeReward.sum": {
            "value": 522.8832259143237,
            "min": 422.86604268837254,
            "max": 646.1429253015667,
            "count": 1000
        },
        "DynamicTable.Policy.ExtrinsicReward.mean": {
            "value": 1.809284518734684,
            "min": 1.6850272193662914,
            "max": 2.0345789483115553,
            "count": 1000
        },
        "DynamicTable.Policy.ExtrinsicReward.sum": {
            "value": 522.8832259143237,
            "min": 422.86604268837254,
            "max": 646.1429253015667,
            "count": 1000
        },
        "DynamicTable.IsTraining.mean": {
            "value": 1.0,
            "min": 1.0,
            "max": 1.0,
            "count": 1000
        },
        "DynamicTable.IsTraining.sum": {
            "value": 1.0,
            "min": 1.0,
            "max": 1.0,
            "count": 1000
        },
        "DynamicTable.Losses.PolicyLoss.mean": {
            "value": 0.02145672794431448,
            "min": 0.013193308302531175,
            "max": 0.034232535715758176,
            "count": 974
        },
        "DynamicTable.Losses.PolicyLoss.sum": {
            "value": 0.02145672794431448,
            "min": 0.013193308302531175,
            "max": 0.034232535715758176,
            "count": 974
        },
        "DynamicTable.Losses.ValueLoss.mean": {
            "value": 0.07269816435873508,
            "min": 0.009297363320365548,
            "max": 0.12380846341451009,
            "count": 974
        },
        "DynamicTable.Losses.ValueLoss.sum": {
            "value": 0.07269816435873508,
            "min": 0.009297363320365548,
            "max": 0.12380846341451009,
            "count": 974
        },
        "DynamicTable.Policy.LearningRate.mean": {
            "value": 2.3598997379003855e-07,
            "min": 2.3598997379003855e-07,
            "max": 0.0008990774101025098,
            "count": 974
        },
        "DynamicTable.Policy.LearningRate.sum": {
            "value": 2.3598997379003855e-07,
            "min": 2.3598997379003855e-07,
            "max": 0.0008990774101025098,
            "count": 974
        },
        "DynamicTable.Policy.Epsilon.mean": {
            "value": 0.10002621000000005,
            "min": 0.10002621000000005,
            "max": 0.19989748999999996,
            "count": 974
        },
        "DynamicTable.Policy.Epsilon.sum": {
            "value": 0.10002621000000005,
            "min": 0.10002621000000005,
            "max": 0.19989748999999996,
            "count": 974
        },
        "DynamicTable.Policy.Beta.mean": {
            "value": 1.1307879000000218e-05,
            "min": 1.1307879000000218e-05,
            "max": 0.004994884750999999,
            "count": 974
        },
        "DynamicTable.Policy.Beta.sum": {
            "value": 1.1307879000000218e-05,
            "min": 1.1307879000000218e-05,
            "max": 0.004994884750999999,
            "count": 974
        }
    },
    "metadata": {
        "timer_format_version": "0.1.0",
        "start_time_seconds": "1715335189",
        "python_version": "3.10.12 (main, Nov 20 2023, 15:14:05) [GCC 11.4.0]",
        "command_line_arguments": "/usr/local/bin/mlagents-learn /content/config.yaml",
        "mlagents_version": "1.0.0",
        "mlagents_envs_version": "1.0.0",
        "communication_protocol_version": "1.5.0",
        "pytorch_version": "2.2.1+cu121",
        "numpy_version": "1.22.3",
        "end_time_seconds": "1715370750"
    },
    "total": 35560.878398206,
    "count": 1,
    "self": 4.702471904995036,
    "children": {
        "run_training.setup": {
            "total": 0.44794484099998044,
            "count": 1,
            "self": 0.44794484099998044
        },
        "TrainerController.start_learning": {
            "total": 35555.727981460004,
            "count": 1,
            "self": 136.27634442837007,
            "children": {
                "TrainerController._reset_env": {
                    "total": 57.25110205300007,
                    "count": 1,
                    "self": 57.25110205300007
                },
                "TrainerController.advance": {
                    "total": 35362.10427894864,
                    "count": 1557164,