{
    "name": "root",
    "gauges": {
        "DynamicTable.Policy.Entropy.mean": {
            "value": 1.4952226877212524,
            "min": 1.4557284116744995,
            "max": 1.4956576824188232,
            "count": 269
        },
        "DynamicTable.Policy.Entropy.sum": {
            "value": 14665.14453125,
            "min": 7680.42333984375,
            "max": 15986.9833984375,
            "count": 269
        },
        "DynamicTable.Environment.EpisodeLength.mean": {
            "value": 62.666666666666664,
            "min": 52.02777777777778,
            "max": 84.95934959349593,
            "count": 269
        },
        "DynamicTable.Environment.EpisodeLength.sum": {
            "value": 9212.0,
            "min": 1873.0,
            "max": 11155.0,
            "count": 269
        },
        "DynamicTable.Step.mean": {
            "value": 6099953.0,
            "min": 3419945.0,
            "max": 6099953.0,
            "count": 269
        },
        "DynamicTable.Step.sum": {
            "value": 6099953.0,
            "min": 3419945.0,
            "max": 6099953.0,
            "count": 269
        },
        "DynamicTable.Policy.ExtrinsicValueEstimate.mean": {
            "value": 1.2025516033172607,
            "min": 0.996414303779602,
            "max": 1.3924787044525146,
            "count": 269
        },
        "DynamicTable.Policy.ExtrinsicValueEstimate.sum": {
            "value": 265.763916015625,
            "min": 80.84794616699219,
            "max": 304.9317626953125,
            "count": 269
        },
        "DynamicTable.Environment.CumulativeReward.mean": {
            "value": 1.5715697786472198,
            "min": 1.2277428922306475,
            "max": 1.9304303844562836,
            "count": 269
        },
        "DynamicTable.Environment.CumulativeReward.sum": {
            "value": 229.44918768249408,
            "min": 69.4954938404262,
            "max": 299.7234768777889,
            "count": 269
        },
        "DynamicTable.Policy.ExtrinsicReward.mean": {
            "value": 1.5715697786472198,
            "min": 1.2277428922306475,
            "max": 1.9304303844562836,
            "count": 269
        },
        "DynamicTable.Policy.ExtrinsicReward.sum": {
            "value": 229.44918768249408,
            "min": 69.4954938404262,
            "max": 299.7234768777889,
            "count": 269
        },
        "DynamicTable.IsTraining.mean": {
            "value": 1.0,
            "min": 1.0,
            "max": 1.0,
            "count": 269
        },
        "DynamicTable.IsTraining.sum": {
            "value": 1.0,
            "min": 1.0,
            "max": 1.0,
            "count": 269
        },
        "DynamicTable.Losses.PolicyLoss.mean": {
            "value": 0.026832052688890447,
            "min": 0.015374015826576699,
            "max": 0.0328237044159323,
            "count": 261
        },
        "DynamicTable.Losses.PolicyLoss.sum": {
            "value": 0.026832052688890447,
            "min": 0.015374015826576699,
            "max": 0.0328237044159323,
            "count": 261
        },
        "DynamicTable.Losses.ValueLoss.mean": {
            "value": 0.06586737111210823,
            "min": 0.029133096585671106,
            "max": 0.10500646357734998,
            "count": 261
        },
        "DynamicTable.Losses.ValueLoss.sum": {
            "value": 0.06586737111210823,
            "min": 0.029133096585671106,
            "max": 0.10500646357734998,
            "count": 261
        },
        "DynamicTable.Policy.LearningRate.mean": {
            "value": 0.0003512644809706199,
            "min": 0.0003512644809706199,
            "max": 0.0005916506742610399,
            "count": 261
        },
        "DynamicTable.Policy.LearningRate.sum": {
            "value": 0.0003512644809706199,
            "min": 0.0003512644809706199,
            "max": 0.0005916506742610399,
            "count": 261
        },
        "DynamicTable.Policy.Epsilon.mean": {
            "value": 0.13902938000000006,
            "min": 0.13902938000000006,
            "max": 0.16573895999999994,
            "count": 261
        },
        "DynamicTable.Policy.Epsilon.sum": {
            "value": 0.13902938000000006,
            "min": 0.13902938000000006,
            "max": 0.16573895999999994,
            "count": 261
        },
        "DynamicTable.Policy.Beta.mean": {
            "value": 0.001957566062000001,
            "min": 0.001957566062000001,
            "max": 0.003290374104000001,
            "count": 261
        },
        "DynamicTable.Policy.Beta.sum": {
            "value": 0.001957566062000001,
            "min": 0.001957566062000001,
            "max": 0.003290374104000001,
            "count": 261
        }
    },
    "metadata": {
        "timer_format_version": "0.1.0",
        "start_time_seconds": "1711925363",
        "python_version": "3.10.12 (main, Nov 20 2023, 15:14:05) [GCC 11.4.0]",
        "command_line_arguments": "/usr/local/bin/mlagents-learn /content/config.yaml --resume",
        "mlagents_version": "1.0.0",
        "mlagents_envs_version": "1.0.0",
        "communication_protocol_version": "1.5.0",
        "pytorch_version": "2.2.1+cu121",
        "numpy_version": "1.22.3",
        "end_time_seconds": "1711965456"
    },
    "total": 40093.8852099,
    "count": 1,
    "self": 6.311921786997118,
    "children": {
        "run_training.setup": {
            "total": 2.002449018000334,
            "count": 1,
            "self": 2.002449018000334
        },
        "TrainerController.start_learning": {
            "total": 40085.570839095,
            "count": 1,
            "self": 142.40628569637192,
            "children": {
                "TrainerController._reset_env": {
                    "total": 18.515724580000096,
                    "count": 1,
                    "self": 18.515724580000096
                },
                "TrainerController.advance": {
                    "total": 39923.636641321624,
                    "count": 278843,
                    "self": 119.81279475194606,
                    "children": {
                        "env_step": {
                            "total": 33541.292792564906,
                            "count": 278843,
                            "self": 15984.870671805613,
                            "children": {
                                "SubprocessEnvManager._take_step": {
                                    "total": 17448.135721929953,
                                    "count": 701407,
                                    "self": 1040.5522885034006,
                                    "children": {
                                        "TorchPolicy.evaluate": {
                                            "total": 16407.583433426553,
                                            "count": 673145,
                                            "self": 16407.583433426553
                                        }
                                    }
                                },
                                "workers": {
                                    "total": 108.2863988293393,
                                    "count": 278842,
                                    "self": 0.0,
                                    "children": {
                                        "worker_root": {
                                            "total": 801675.4173642872,
                                            "count": 701388,
                                            "is_parallel": true,
                                            "self": 157888.19653828186,
                                            "children": {
                                                "run_training.setup": {
                                                    "total": 0.0,
                                                    "count": 0,
                                                    "is_parallel": true,