{
    "name": "root",
    "gauges": {
        "DynamicTable.Policy.Entropy.mean": {
            "value": 1.4740240573883057,
            "min": 1.418938398361206,
            "max": 1.4740240573883057,
            "count": 153
        },
        "DynamicTable.Policy.Entropy.sum": {
            "value": 14917.123046875,
            "min": 13578.220703125,
            "max": 16374.5498046875,
            "count": 153
        },
        "DynamicTable.Environment.EpisodeLength.mean": {
            "value": 58.34117647058824,
            "min": 58.34117647058824,
            "max": 143.76470588235293,
            "count": 153
        },
        "DynamicTable.Environment.EpisodeLength.sum": {
            "value": 9918.0,
            "min": 5888.0,
            "max": 11697.0,
            "count": 153
        },
        "DynamicTable.Step.mean": {
            "value": 1529999.0,
            "min": 9947.0,
            "max": 1529999.0,
            "count": 153
        },
        "DynamicTable.Step.sum": {
            "value": 1529999.0,
            "min": 9947.0,
            "max": 1529999.0,
            "count": 153
        },
        "DynamicTable.Policy.ExtrinsicValueEstimate.mean": {
            "value": 1.2451496124267578,
            "min": -0.46527713537216187,
            "max": 1.33210027217865,
            "count": 153
        },
        "DynamicTable.Policy.ExtrinsicValueEstimate.sum": {
            "value": 280.1586608886719,
            "min": -95.84709167480469,
            "max": 306.383056640625,
            "count": 153
        },
        "DynamicTable.Environment.CumulativeReward.mean": {
            "value": 1.53000291200228,
            "min": -1.6687878844925332,
            "max": 1.9685576668290297,
            "count": 153
        },
        "DynamicTable.Environment.CumulativeReward.sum": {
            "value": 260.1004950403876,
            "min": -151.85969748882053,
            "max": 283.4723040233803,
            "count": 153
        },
        "DynamicTable.Policy.ExtrinsicReward.mean": {
            "value": 1.53000291200228,
            "min": -1.6687878844925332,
            "max": 1.9685576668290297,
            "count": 153
        },
        "DynamicTable.Policy.ExtrinsicReward.sum": {
            "value": 260.1004950403876,
            "min": -151.85969748882053,
            "max": 283.4723040233803,
            "count": 153
        },
        "DynamicTable.IsTraining.mean": {
            "value": 1.0,
            "min": 1.0,
            "max": 1.0,
            "count": 153
        },
        "DynamicTable.IsTraining.sum": {
            "value": 1.0,
            "min": 1.0,
            "max": 1.0,
            "count": 153
        },
        "DynamicTable.Losses.PolicyLoss.mean": {
            "value": 0.01658187986370952,
            "min": 0.01658187986370952,
            "max": 0.034988990080698085,
            "count": 148
        },
        "DynamicTable.Losses.PolicyLoss.sum": {
            "value": 0.01658187986370952,
            "min": 0.01658187986370952,
            "max": 0.034988990080698085,
            "count": 148
        },
        "DynamicTable.Losses.ValueLoss.mean": {
            "value": 0.09330740123987198,
            "min": 0.014252110011875629,
            "max": 4.074149969220161,
            "count": 148
        },
        "DynamicTable.Losses.ValueLoss.sum": {
            "value": 0.09330740123987198,
            "min": 0.014252110011875629,
            "max": 4.074149969220161,
            "count": 148
        },
        "DynamicTable.Policy.LearningRate.mean": {
            "value": 0.00076309678521147,
            "min": 0.00076309678521147,
            "max": 0.0008990779501024499,
            "count": 148
        },
        "DynamicTable.Policy.LearningRate.sum": {
            "value": 0.00076309678521147,
            "min": 0.00076309678521147,
            "max": 0.0008990779501024499,
            "count": 148
        },
        "DynamicTable.Policy.Epsilon.mean": {
            "value": 0.18478852999999992,
            "min": 0.18478852999999992,
            "max": 0.19989755000000006,
            "count": 148
        },
        "DynamicTable.Policy.Epsilon.sum": {
            "value": 0.18478852999999992,
            "min": 0.18478852999999992,
            "max": 0.19989755000000006,
            "count": 148
        },
        "DynamicTable.Policy.Beta.mean": {
            "value": 0.004240947647000001,
            "min": 0.004240947647000001,
            "max": 0.004994887745000001,
            "count": 148
        },
        "DynamicTable.Policy.Beta.sum": {
            "value": 0.004240947647000001,
            "min": 0.004240947647000001,
            "max": 0.004994887745000001,
            "count": 148
        }
    },
    "metadata": {
        "timer_format_version": "0.1.0",
        "start_time_seconds": "1711815441",
        "python_version": "3.10.12 (main, Nov 20 2023, 15:14:05) [GCC 11.4.0]",
        "command_line_arguments": "/usr/local/bin/mlagents-learn /content/config.yaml",
        "mlagents_version": "1.0.0",
        "mlagents_envs_version": "1.0.0",
        "communication_protocol_version": "1.5.0",
        "pytorch_version": "2.2.1+cu121",
        "numpy_version": "1.22.3",
        "end_time_seconds": "1711832057"
    },
    "total": 16616.437209835,
    "count": 1,
    "self": 6.22092406199954,
    "children": {
        "run_training.setup": {
            "total": 0.9580180789999986,
            "count": 1,
            "self": 0.9580180789999986
        },
        "TrainerController.start_learning": {
            "total": 16609.258267694,
            "count": 1,
            "self": 52.724142791972554,
            "children": {
                "TrainerController._reset_env": {
                    "total": 16.950961565,
                    "count": 1,
                    "self": 16.950961565
                },
                "TrainerController.advance": {
                    "total": 16538.03965320003,
                    "count": 102498,
                    "self": 42.195458167032484,
                    "children": {
                        "env_step": {
                            "total": 13934.829988309075,
                            "count": 102498,
                            "self": 6218.46526995124,
                            "children": {
                                "SubprocessEnvManager._take_step": {
                                    "total": 7659.353563080792,
                                    "count": 398476,
                                    "self": 415.7838522344746,
                                    "children": {
                                        "TorchPolicy.evaluate": {
                                            "total": 7243.569710846317,
                                            "count": 385297,
                                            "self": 7243.569710846317
                                        }
                                    }
                                },
                                "workers": {
                                    "total": 57.01115527704337,
                                    "count": 102497,
                                    "self": 0.0,
                                    "children": {
                                        "worker_root": {
                                            "total": 332138.5066452716,
                                            "count": 398456,
                                            "is_parallel": true,
                                            "self": 97890.58468331257,
                                            "children": {
                                                "run_training.setup": {
                                                    "total": 0.0,
                                                    "count": 0,
                                                    "is_parallel": true,