Wall time,Step,Value
1715457451.4169576,10000,-1.2018688917160034
