Wall time,Step,Value
1715457451.4072442,10000,79.78761291503906
